trader,product,side,day,events,total_qty,avg_qty,median_qty,mean_spread,mean_signed_price_vs_mid,touch_pct,inside_pct,edge_mean_10,edge_sum_10,qty_edge_sum_10,good_pct_10,mid_move_mean_10,edge_mean_50,edge_sum_50,qty_edge_sum_50,good_pct_50,mid_move_mean_50,edge_mean_200,edge_sum_200,qty_edge_sum_200,good_pct_200,mid_move_mean_200,edge_mean_500,edge_sum_500,qty_edge_sum_500,good_pct_500,mid_move_mean_500,edge_mean_1000,edge_sum_1000,qty_edge_sum_1000,good_pct_1000,mid_move_mean_1000,edge_mean_2000,edge_sum_2000,qty_edge_sum_2000,good_pct_2000,mid_move_mean_2000,edge_mean_5000,edge_sum_5000,qty_edge_sum_5000,good_pct_5000,mid_move_mean_5000
Mark 01,VELVETFRUIT_EXTRACT,buy,1,76,426,5.605263157894737,6.0,5.052631578947368,-2.526315789473684,0.0,0.0,3.085526315789474,234.5,1303.0,0.9868421052631579,0.5592105263157895,3.085526315789474,234.5,1303.0,0.9868421052631579,0.5592105263157895,3.0921052631578947,235.0,1329.5,0.9736842105263158,0.5657894736842105,3.2434210526315788,246.5,1419.0,0.9342105263157895,0.7171052631578947,3.361842105263158,255.5,1452.5,0.8026315789473685,0.8355263157894737,3.2697368421052633,248.5,1396.5,0.7894736842105263,0.743421052631579,3.0197368421052633,229.5,1216.5,0.6578947368421053,0.4934210526315789
Mark 01,VELVETFRUIT_EXTRACT,buy,2,91,505,5.549450549450549,5.0,5.175824175824176,-2.587912087912088,0.0,0.0,2.60989010989011,237.5,1300.5,0.989010989010989,0.02197802197802198,2.60989010989011,237.5,1300.5,0.989010989010989,0.02197802197802198,2.478021978021978,225.5,1225.0,0.9560439560439561,-0.10989010989010989,2.5054945054945055,228.0,1249.0,0.8901098901098901,-0.08241758241758242,2.142857142857143,195.0,1090.0,0.7692307692307693,-0.44505494505494503,1.7527472527472527,159.5,938.5,0.6593406593406593,-0.8351648351648352,2.043956043956044,186.0,1005.0,0.6043956043956044,-0.5439560439560439
Mark 01,VELVETFRUIT_EXTRACT,buy,3,93,486,5.225806451612903,5.0,5.354838709677419,-2.6774193548387095,0.0,0.0,2.849462365591398,265.0,1380.5,0.989247311827957,0.17204301075268819,2.849462365591398,265.0,1380.5,0.989247311827957,0.17204301075268819,2.8870967741935485,268.5,1388.5,0.946236559139785,0.20967741935483872,2.9838709677419355,277.5,1443.5,0.8602150537634409,0.3064516129032258,3.086021505376344,287.0,1486.0,0.8279569892473119,0.40860215053763443,2.903225806451613,270.0,1416.5,0.7204301075268817,0.22580645161290322,2.4301075268817205,226.0,1168.0,0.6559139784946236,-0.24731182795698925
Mark 01,VELVETFRUIT_EXTRACT,sell,1,81,458,5.654320987654321,6.0,5.333333333333333,-2.6666666666666665,0.0,0.0,2.962962962962963,240.0,1362.0,1.0,0.2962962962962963,2.962962962962963,240.0,1362.0,1.0,0.2962962962962963,3.037037037037037,246.0,1413.0,0.9753086419753086,0.37037037037037035,2.7962962962962963,226.5,1307.0,0.8641975308641975,0.12962962962962962,3.4691358024691357,281.0,1619.5,0.8641975308641975,0.8024691358024691,3.246913580246914,263.0,1510.0,0.7283950617283951,0.5802469135802469,3.8641975308641974,313.0,1671.0,0.7037037037037037,1.1975308641975309
Mark 01,VELVETFRUIT_EXTRACT,sell,2,92,528,5.739130434782608,6.0,5.326086956521739,-2.6630434782608696,0.0,0.0,2.902173913043478,267.0,1539.5,0.9891304347826086,0.2391304347826087,2.902173913043478,267.0,1539.5,0.9891304347826086,0.2391304347826087,2.907608695652174,267.5,1514.5,1.0,0.24456521739130435,2.744565217391304,252.5,1405.5,0.9239130434782609,0.08152173913043478,3.0489130434782608,280.5,1531.5,0.8913043478260869,0.3858695652173913,2.5380434782608696,233.5,1220.5,0.7717391304347826,-0.125,2.614130434782609,240.5,1277.5,0.6847826086956522,-0.04891304347826087
Mark 01,VELVETFRUIT_EXTRACT,sell,3,71,389,5.47887323943662,5.0,5.47887323943662,-2.73943661971831,0.0,0.0,2.816901408450704,200.0,1101.0,1.0,0.07746478873239436,2.816901408450704,200.0,1101.0,1.0,0.07746478873239436,2.492957746478873,177.0,973.0,0.971830985915493,-0.24647887323943662,2.492957746478873,177.0,960.5,0.8309859154929577,-0.24647887323943662,2.4014084507042255,170.5,957.5,0.7887323943661971,-0.3380281690140845,2.2183098591549295,157.5,832.0,0.6619718309859155,-0.5211267605633803,2.7253521126760565,193.5,1037.5,0.6619718309859155,-0.014084507042253521
Mark 01,VEV_5200,buy,3,11,34,3.090909090909091,3.0,2.0,-1.0,0.0,0.0,1.0,11.0,35.0,1.0,0.0,1.0,11.0,35.0,1.0,0.0,1.0909090909090908,12.0,41.0,0.8181818181818182,0.09090909090909091,0.8181818181818182,9.0,36.5,0.8181818181818182,-0.18181818181818182,1.9545454545454546,21.5,76.5,0.6363636363636364,0.9545454545454546,1.8636363636363635,20.5,75.0,0.7272727272727273,0.8636363636363636,3.727272727272727,41.0,129.0,0.7272727272727273,2.727272727272727
Mark 01,VEV_5300,buy,1,32,110,3.4375,4.0,2.0,-1.0,0.0,0.0,0.828125,26.5,92.0,0.875,-0.171875,0.828125,26.5,92.0,0.875,-0.171875,0.765625,24.5,82.0,0.75,-0.234375,0.71875,23.0,78.5,0.65625,-0.28125,0.703125,22.5,80.5,0.625,-0.296875,0.296875,9.5,36.5,0.40625,-0.703125,0.078125,2.5,27.0,0.46875,-0.921875
Mark 01,VEV_5300,buy,2,31,107,3.4516129032258065,4.0,1.967741935483871,-0.9838709677419355,0.0,0.0,0.8387096774193549,26.0,90.5,0.8387096774193549,-0.14516129032258066,0.8387096774193549,26.0,90.5,0.8387096774193549,-0.14516129032258066,0.7258064516129032,22.5,77.0,0.7096774193548387,-0.25806451612903225,0.9354838709677419,29.0,105.5,0.8387096774193549,-0.04838709677419355,0.9193548387096774,28.5,101.0,0.7096774193548387,-0.06451612903225806,1.1612903225806452,36.0,125.0,0.7096774193548387,0.1774193548387097,1.3709677419354838,42.5,135.5,0.7096774193548387,0.3870967741935484
Mark 01,VEV_5300,buy,3,69,222,3.217391304347826,3.0,1.6666666666666667,-0.8333333333333334,0.0,0.0,0.7536231884057971,52.0,167.5,0.8695652173913043,-0.07971014492753623,0.7536231884057971,52.0,167.5,0.8695652173913043,-0.07971014492753623,0.7391304347826086,51.0,169.0,0.8115942028985508,-0.09420289855072464,0.7028985507246377,48.5,157.5,0.6666666666666666,-0.13043478260869565,0.717391304347826,49.5,155.0,0.5797101449275363,-0.11594202898550725,0.8478260869565217,58.5,202.5,0.5942028985507246,0.014492753623188406,1.144927536231884,79.0,240.0,0.6086956521739131,0.3115942028985507
Mark 01,VEV_5400,buy,1,76,267,3.513157894736842,4.0,1.2236842105263157,-0.6118421052631579,0.0,0.0,0.5723684210526315,43.5,153.0,0.9210526315789473,-0.039473684210526314,0.5723684210526315,43.5,153.0,0.9210526315789473,-0.039473684210526314,0.5855263157894737,44.5,160.0,0.881578947368421,-0.02631578947368421,0.625,47.5,169.0,0.8947368421052632,0.013157894736842105,0.6052631578947368,46.0,174.5,0.8026315789473685,-0.006578947368421052,0.6644736842105263,50.5,190.5,0.6973684210526315,0.05263157894736842,0.7171052631578947,54.5,211.0,0.6578947368421053,0.10526315789473684
Mark 01,VEV_5400,buy,2,78,276,3.5384615384615383,4.0,1.2564102564102564,-0.6282051282051282,0.0,0.0,0.5961538461538461,46.5,165.0,0.8974358974358975,-0.03205128205128205,0.5961538461538461,46.5,165.0,0.8974358974358975,-0.03205128205128205,0.5833333333333334,45.5,159.5,0.8589743589743589,-0.04487179487179487,0.6025641025641025,47.0,164.0,0.8205128205128205,-0.02564102564102564,0.5705128205128205,44.5,157.0,0.7435897435897436,-0.057692307692307696,0.6538461538461539,51.0,179.0,0.7435897435897436,0.02564102564102564,0.7628205128205128,59.5,214.5,0.6282051282051282,0.1346153846153846
Mark 01,VEV_5400,buy,3,109,368,3.376146788990826,3.0,1.1192660550458715,-0.5596330275229358,0.0,0.0,0.536697247706422,58.5,199.5,0.963302752293578,-0.022935779816513763,0.536697247706422,58.5,199.5,0.963302752293578,-0.022935779816513763,0.5458715596330275,59.5,204.5,0.9541284403669725,-0.013761467889908258,0.536697247706422,58.5,202.5,0.908256880733945,-0.022935779816513763,0.591743119266055,64.5,217.5,0.8899082568807339,0.03211009174311927,0.6009174311926605,65.5,240.0,0.7798165137614679,0.04128440366972477,0.7037037037037037,76.0,258.5,0.7614678899082569,0.14351851851851852
Mark 01,VEV_5500,buy,1,89,310,3.4831460674157304,4.0,1.0786516853932584,-0.5393258426966292,0.0,0.0,0.5112359550561798,45.5,153.5,0.9438202247191011,-0.028089887640449437,0.5112359550561798,45.5,153.5,0.9438202247191011,-0.028089887640449437,0.5337078651685393,47.5,161.5,0.9550561797752809,-0.0056179775280898875,0.5168539325842697,46.0,162.0,0.9213483146067416,-0.02247191011235955,0.4887640449438202,43.5,153.0,0.898876404494382,-0.05056179775280899,0.5337078651685393,47.5,163.5,0.8202247191011236,-0.0056179775280898875,0.5224719101123596,46.5,163.0,0.7640449438202247,-0.016853932584269662
Mark 01,VEV_5500,buy,2,91,324,3.5604395604395602,4.0,1.0879120879120878,-0.5439560439560439,0.0,0.0,0.521978021978022,47.5,168.0,0.978021978021978,-0.02197802197802198,0.521978021978022,47.5,168.0,0.978021978021978,-0.02197802197802198,0.4945054945054945,45.0,160.5,0.9560439560439561,-0.04945054945054945,0.5054945054945055,46.0,164.0,0.9340659340659341,-0.038461538461538464,0.5274725274725275,48.0,169.5,0.9230769230769231,-0.016483516483516484,0.5604395604395604,51.0,180.0,0.9010989010989011,0.016483516483516484,0.6043956043956044,55.0,191.0,0.8021978021978022,0.06043956043956044
Mark 01,VEV_5500,buy,3,119,408,3.4285714285714284,3.0,1.0084033613445378,-0.5042016806722689,0.0,0.0,0.5042016806722689,60.0,205.0,1.0,0.0,0.5042016806722689,60.0,205.0,1.0,0.0,0.5126050420168067,61.0,208.0,1.0,0.008403361344537815,0.5,59.5,205.5,0.957983193277311,-0.004201680672268907,0.5126050420168067,61.0,210.0,0.9747899159663865,0.008403361344537815,0.5588235294117647,66.5,233.5,0.9663865546218487,0.0546218487394958,0.5466101694915254,64.5,224.0,0.9243697478991597,0.0423728813559322
Mark 01,VEV_6000,buy,1,98,345,3.520408163265306,4.0,1.0,-0.5,0.0,0.0,0.5,49.0,172.5,1.0,0.0,0.5,49.0,172.5,1.0,0.0,0.5,49.0,172.5,1.0,0.0,0.5,49.0,172.5,1.0,0.0,0.5,49.0,172.5,1.0,0.0,0.5,49.0,172.5,1.0,0.0,0.5,49.0,172.5,1.0,0.0
Mark 01,VEV_6000,buy,2,95,337,3.5473684210526315,4.0,1.0,-0.5,0.0,0.0,0.5,47.5,168.5,1.0,0.0,0.5,47.5,168.5,1.0,0.0,0.5,47.5,168.5,1.0,0.0,0.5,47.5,168.5,1.0,0.0,0.5,47.5,168.5,1.0,0.0,0.5,47.5,168.5,1.0,0.0,0.5,47.5,168.5,1.0,0.0
Mark 01,VEV_6000,buy,3,124,423,3.411290322580645,3.0,1.0,-0.5,0.0,0.0,0.5,62.0,211.5,1.0,0.0,0.5,62.0,211.5,1.0,0.0,0.5,62.0,211.5,1.0,0.0,0.5,62.0,211.5,1.0,0.0,0.5,62.0,211.5,1.0,0.0,0.5,62.0,211.5,1.0,0.0,0.5,61.5,209.5,0.9919354838709677,0.0
Mark 01,VEV_6500,buy,1,98,345,3.520408163265306,4.0,1.0,-0.5,0.0,0.0,0.5,49.0,172.5,1.0,0.0,0.5,49.0,172.5,1.0,0.0,0.5,49.0,172.5,1.0,0.0,0.5,49.0,172.5,1.0,0.0,0.5,49.0,172.5,1.0,0.0,0.5,49.0,172.5,1.0,0.0,0.5,49.0,172.5,1.0,0.0
Mark 01,VEV_6500,buy,2,95,337,3.5473684210526315,4.0,1.0,-0.5,0.0,0.0,0.5,47.5,168.5,1.0,0.0,0.5,47.5,168.5,1.0,0.0,0.5,47.5,168.5,1.0,0.0,0.5,47.5,168.5,1.0,0.0,0.5,47.5,168.5,1.0,0.0,0.5,47.5,168.5,1.0,0.0,0.5,47.5,168.5,1.0,0.0
Mark 01,VEV_6500,buy,3,124,423,3.411290322580645,3.0,1.0,-0.5,0.0,0.0,0.5,62.0,211.5,1.0,0.0,0.5,62.0,211.5,1.0,0.0,0.5,62.0,211.5,1.0,0.0,0.5,62.0,211.5,1.0,0.0,0.5,62.0,211.5,1.0,0.0,0.5,62.0,211.5,1.0,0.0,0.5,61.5,209.5,0.9919354838709677,0.0
Mark 14,HYDROGEL_PACK,buy,1,183,729,3.9836065573770494,4.0,15.934426229508198,-7.967213114754099,0.0,0.0,8.240437158469945,1508.0,6049.5,1.0,0.273224043715847,8.240437158469945,1508.0,6049.5,1.0,0.273224043715847,8.21584699453552,1503.5,5996.0,0.994535519125683,0.24863387978142076,8.30327868852459,1519.5,6052.5,0.9508196721311475,0.3360655737704918,8.573770491803279,1569.0,6221.5,0.9016393442622951,0.6065573770491803,9.147540983606557,1674.0,6575.5,0.8306010928961749,1.180327868852459,9.024590163934427,1651.5,6336.0,0.6994535519125683,1.0573770491803278
Mark 14,HYDROGEL_PACK,buy,2,142,571,4.02112676056338,4.0,15.985915492957746,-7.992957746478873,0.0,0.0,8.06338028169014,1145.0,4626.5,1.0,0.07042253521126761,8.06338028169014,1145.0,4626.5,1.0,0.07042253521126761,8.161971830985916,1159.0,4705.0,1.0,0.16901408450704225,8.151408450704226,1157.5,4708.5,0.971830985915493,0.15845070422535212,7.883802816901408,1119.5,4536.5,0.8873239436619719,-0.10915492957746478,8.0,1136.0,4580.0,0.823943661971831,0.007042253521126761,8.946808510638299,1261.5,4998.0,0.7183098591549296,0.9539007092198581
Mark 14,HYDROGEL_PACK,buy,3,171,689,4.029239766081871,4.0,15.970760233918128,-7.985380116959064,0.0,0.0,8.190058479532164,1400.5,5590.5,1.0,0.2046783625730994,8.190058479532164,1400.5,5590.5,1.0,0.2046783625730994,7.970760233918129,1363.0,5420.5,1.0,-0.014619883040935672,7.701754385964913,1317.0,5240.0,0.935672514619883,-0.28362573099415206,8.099415204678362,1385.0,5440.0,0.8654970760233918,0.11403508771929824,7.394736842105263,1264.5,4744.5,0.7602339181286549,-0.5906432748538012,7.845029239766082,1341.5,4945.5,0.7134502923976608,-0.14035087719298245
Mark 14,HYDROGEL_PACK,sell,1,187,738,3.946524064171123,4.0,15.914438502673796,-7.957219251336898,0.0,0.0,8.219251336898395,1537.0,6129.0,1.0,0.2620320855614973,8.219251336898395,1537.0,6129.0,1.0,0.2620320855614973,8.470588235294118,1584.0,6287.5,1.0,0.5133689839572193,8.270053475935828,1546.5,6207.5,0.9732620320855615,0.31283422459893045,8.11229946524064,1517.0,5911.5,0.9037433155080213,0.15508021390374332,8.307486631016042,1553.5,6150.0,0.7967914438502673,0.3502673796791444,9.51336898395722,1779.0,6694.5,0.6951871657754011,1.5561497326203209
Mark 14,HYDROGEL_PACK,sell,2,161,641,3.981366459627329,4.0,15.832298136645962,-7.916149068322981,0.0,0.0,7.996894409937888,1287.5,5155.5,1.0,0.08074534161490683,7.996894409937888,1287.5,5155.5,1.0,0.08074534161490683,8.354037267080745,1345.0,5460.0,1.0,0.43788819875776397,8.027950310559007,1292.5,5233.5,0.9565217391304348,0.11180124223602485,7.891304347826087,1270.5,4957.0,0.9192546583850931,-0.024844720496894408,8.583850931677018,1382.0,5503.0,0.8881987577639752,0.6677018633540373,8.388198757763975,1350.5,5340.0,0.7701863354037267,0.4720496894409938
Mark 14,HYDROGEL_PACK,sell,3,159,654,4.113207547169812,4.0,15.89308176100629,-7.946540880503145,0.0,0.0,7.9245283018867925,1260.0,5207.5,1.0,-0.0220125786163522,7.9245283018867925,1260.0,5207.5,1.0,-0.0220125786163522,7.748427672955975,1232.0,5116.5,1.0,-0.19811320754716982,8.0125786163522,1274.0,5207.0,0.9622641509433962,0.0660377358490566,8.144654088050315,1295.0,5212.0,0.89937106918239,0.19811320754716982,7.984276729559748,1269.5,5443.5,0.7987421383647799,0.03773584905660377,9.264150943396226,1473.0,6267.0,0.7358490566037735,1.3176100628930818
Mark 14,VELVETFRUIT_EXTRACT,buy,1,114,630,5.526315789473684,5.5,4.921052631578948,-2.460526315789474,0.0,0.0,2.3508771929824563,268.0,1454.5,0.9736842105263158,-0.10964912280701754,2.3508771929824563,268.0,1454.5,0.9736842105263158,-0.10964912280701754,2.539473684210526,289.5,1608.0,0.9912280701754386,0.07894736842105263,2.6052631578947367,297.0,1628.0,0.8771929824561403,0.14473684210526316,2.276315789473684,259.5,1421.0,0.7894736842105263,-0.18421052631578946,2.3947368421052633,273.0,1533.0,0.6929824561403509,-0.06578947368421052,2.289473684210526,261.0,1575.0,0.6403508771929824,-0.17105263157894737
Mark 14,VELVETFRUIT_EXTRACT,buy,2,92,542,5.891304347826087,6.0,4.826086956521739,-2.4130434782608696,0.0,0.0,2.016304347826087,185.5,1103.0,0.9565217391304348,-0.3967391304347826,2.016304347826087,185.5,1103.0,0.9565217391304348,-0.3967391304347826,2.0434782608695654,188.0,1106.0,0.9130434782608695,-0.3695652173913043,2.157608695652174,198.5,1189.5,0.8369565217391305,-0.2554347826086957,1.766304347826087,162.5,897.0,0.7065217391304348,-0.6467391304347826,2.108695652173913,194.0,1097.0,0.7391304347826086,-0.30434782608695654,1.3722222222222222,123.5,880.0,0.5434782608695652,-1.038888888888889
Mark 14,VELVETFRUIT_EXTRACT,buy,3,110,589,5.3545454545454545,5.0,4.827272727272727,-2.4136363636363636,0.0,0.0,2.3227272727272728,255.5,1367.0,0.9727272727272728,-0.09090909090909091,2.3227272727272728,255.5,1367.0,0.9727272727272728,-0.09090909090909091,2.3772727272727274,261.5,1400.5,0.9454545454545454,-0.03636363636363636,2.381818181818182,262.0,1420.5,0.8545454545454545,-0.031818181818181815,2.4136363636363636,265.5,1385.5,0.8090909090909091,0.0,2.0545454545454547,226.0,1163.5,0.6636363636363637,-0.35909090909090907,1.926605504587156,210.0,1172.0,0.6090909090909091,-0.48623853211009177
Mark 14,VELVETFRUIT_EXTRACT,sell,1,97,513,5.288659793814433,5.0,4.907216494845361,-2.4536082474226806,0.0,0.0,2.5618556701030926,248.5,1311.5,0.9896907216494846,0.10824742268041238,2.5618556701030926,248.5,1311.5,0.9896907216494846,0.10824742268041238,2.283505154639175,221.5,1172.5,0.9587628865979382,-0.17010309278350516,2.3247422680412373,225.5,1174.5,0.845360824742268,-0.12886597938144329,1.9948453608247423,193.5,1026.5,0.7216494845360825,-0.4587628865979381,1.134020618556701,110.0,592.5,0.5876288659793815,-1.3195876288659794,0.9845360824742269,95.5,272.0,0.5567010309278351,-1.4690721649484537
Mark 14,VELVETFRUIT_EXTRACT,sell,2,118,627,5.313559322033898,5.0,4.97457627118644,-2.48728813559322,0.0,0.0,2.2711864406779663,268.0,1423.0,0.9830508474576272,-0.21610169491525424,2.2711864406779663,268.0,1423.0,0.9830508474576272,-0.21610169491525424,2.2203389830508473,262.0,1390.0,0.8728813559322034,-0.2669491525423729,2.135593220338983,252.0,1349.5,0.7796610169491526,-0.3516949152542373,2.2457627118644066,265.0,1396.5,0.7542372881355932,-0.24152542372881355,2.0508474576271185,242.0,1317.0,0.7288135593220338,-0.4364406779661017,2.0085470085470085,235.0,1136.5,0.5847457627118644,-0.47863247863247865
Mark 14,VELVETFRUIT_EXTRACT,sell,3,116,623,5.370689655172414,5.0,4.887931034482759,-2.4439655172413794,0.0,0.0,2.3663793103448274,274.5,1450.0,0.9913793103448276,-0.07758620689655173,2.3663793103448274,274.5,1450.0,0.9913793103448276,-0.07758620689655173,2.4051724137931036,279.0,1480.0,0.9396551724137931,-0.03879310344827586,2.163793103448276,251.0,1326.0,0.8620689655172413,-0.2801724137931034,2.5948275862068964,301.0,1504.0,0.8275862068965517,0.15086206896551724,2.3491379310344827,272.5,1324.0,0.7068965517241379,-0.09482758620689655,1.8217391304347825,209.5,871.5,0.5517241379310345,-0.6217391304347826
Mark 14,VEV_4000,buy,1,91,185,2.032967032967033,2.0,20.9010989010989,-10.45054945054945,0.0,0.0,10.697802197802197,973.5,1981.5,1.0,0.24725274725274726,10.697802197802197,973.5,1981.5,1.0,0.24725274725274726,10.505494505494505,956.0,1940.0,1.0,0.054945054945054944,10.26923076923077,934.5,1898.0,1.0,-0.1813186813186813,10.54945054945055,960.0,1962.0,1.0,0.0989010989010989,10.56043956043956,961.0,1937.5,0.989010989010989,0.10989010989010989,10.505555555555556,945.5,1928.0,0.945054945054945,0.05555555555555555
Mark 14,VEV_4000,buy,2,64,132,2.0625,2.0,21.078125,-10.5390625,0.0,0.0,10.2734375,657.5,1347.5,1.0,-0.265625,10.2734375,657.5,1347.5,1.0,-0.265625,9.9296875,635.5,1292.5,1.0,-0.609375,10.0078125,640.5,1312.0,1.0,-0.53125,9.8828125,632.5,1312.0,1.0,-0.65625,9.4296875,603.5,1250.0,0.96875,-1.109375,10.0859375,645.5,1236.5,0.890625,-0.453125
Mark 14,VEV_4000,buy,3,77,141,1.8311688311688312,2.0,20.844155844155843,-10.422077922077921,0.0,0.0,10.24025974025974,788.5,1443.5,1.0,-0.18181818181818182,10.24025974025974,788.5,1443.5,1.0,-0.18181818181818182,10.11038961038961,778.5,1419.0,1.0,-0.3116883116883117,10.584415584415584,815.0,1493.5,1.0,0.16233766233766234,11.064935064935066,852.0,1547.0,1.0,0.6428571428571429,10.675324675324676,822.0,1512.0,1.0,0.2532467532467532,10.46103896103896,805.5,1405.5,0.8961038961038961,0.03896103896103896
Mark 14,VEV_4000,sell,1,72,147,2.0416666666666665,2.0,20.791666666666668,-10.395833333333334,0.0,0.0,10.604166666666666,763.5,1554.5,1.0,0.20833333333333334,10.604166666666666,763.5,1554.5,1.0,0.20833333333333334,10.555555555555555,760.0,1557.0,1.0,0.1597222222222222,10.666666666666666,768.0,1571.5,1.0,0.2708333333333333,10.375,747.0,1554.0,1.0,-0.020833333333333332,10.73943661971831,762.5,1561.0,0.9861111111111112,0.34507042253521125,11.387323943661972,808.5,1657.0,0.9722222222222222,0.9929577464788732
Mark 14,VEV_4000,sell,2,64,124,1.9375,2.0,20.875,-10.4375,0.0,0.0,10.4140625,666.5,1278.5,1.0,-0.0234375,10.4140625,666.5,1278.5,1.0,-0.0234375,10.3671875,663.5,1273.0,1.0,-0.0703125,10.203125,653.0,1253.0,1.0,-0.234375,9.96875,638.0,1233.0,1.0,-0.46875,9.619047619047619,606.0,1186.0,0.96875,-0.8095238095238095,9.777777777777779,616.0,1219.5,0.953125,-0.6507936507936508
Mark 14,VEV_4000,sell,3,71,141,1.9859154929577465,2.0,20.591549295774648,-10.295774647887324,0.0,0.0,10.19718309859155,724.0,1428.0,1.0,-0.09859154929577464,10.19718309859155,724.0,1428.0,1.0,-0.09859154929577464,10.21830985915493,725.5,1426.0,1.0,-0.07746478873239436,9.852112676056338,699.5,1388.5,1.0,-0.44366197183098594,10.014084507042254,711.0,1391.5,1.0,-0.28169014084507044,10.049295774647888,713.5,1394.5,1.0,-0.24647887323943662,10.161971830985916,721.5,1438.0,0.9436619718309859,-0.13380281690140844
Mark 14,VEV_5200,buy,1,6,21,3.5,4.0,2.0,-1.0,0.0,0.0,1.4166666666666667,8.5,29.0,1.0,0.4166666666666667,1.4166666666666667,8.5,29.0,1.0,0.4166666666666667,0.75,4.5,12.5,0.8333333333333334,-0.25,0.5,3.0,8.5,0.8333333333333334,-0.5,0.4166666666666667,2.5,10.5,0.6666666666666666,-0.5833333333333334,-0.5833333333333334,-3.5,-10.5,0.3333333333333333,-1.5833333333333333,-1.6666666666666667,-10.0,-21.5,0.5,-2.6666666666666665
Mark 14,VEV_5200,buy,2,8,26,3.25,3.0,2.0,-1.0,0.0,0.0,1.3125,10.5,32.5,1.0,0.3125,1.3125,10.5,32.5,1.0,0.3125,1.0625,8.5,26.0,0.875,0.0625,1.0,8.0,27.0,1.0,0.0,1.5,12.0,36.5,0.875,0.5,3.625,29.0,95.0,0.875,2.625,3.6875,29.5,94.5,0.75,2.6875
Mark 14,VEV_5200,buy,3,19,75,3.9473684210526314,4.0,2.0,-1.0,0.0,0.0,0.9473684210526315,18.0,72.0,0.8947368421052632,-0.05263157894736842,0.9473684210526315,18.0,72.0,0.8947368421052632,-0.05263157894736842,0.8947368421052632,17.0,65.0,0.7894736842105263,-0.10526315789473684,0.7368421052631579,14.0,50.5,0.6842105263157895,-0.2631578947368421,0.7368421052631579,14.0,52.0,0.5263157894736842,-0.2631578947368421,0.42105263157894735,8.0,43.0,0.47368421052631576,-0.5789473684210527,1.0526315789473684,20.0,37.5,0.5789473684210527,0.05263157894736842
Mark 14,VEV_5300,buy,1,6,19,3.1666666666666665,2.5,2.0,-1.0,0.0,0.0,0.8333333333333334,5.0,17.0,0.8333333333333334,-0.16666666666666666,0.8333333333333334,5.0,17.0,0.8333333333333334,-0.16666666666666666,1.1666666666666667,7.0,24.0,1.0,0.16666666666666666,0.8333333333333334,5.0,19.0,0.6666666666666666,-0.16666666666666666,1.25,7.5,27.0,0.8333333333333334,0.25,1.25,7.5,25.0,0.6666666666666666,0.25,2.75,16.5,66.0,0.6666666666666666,1.75
Mark 14,VEV_5300,buy,2,14,55,3.9285714285714284,4.0,1.7857142857142858,-0.8214285714285714,0.0,0.07142857142857142,0.39285714285714285,5.5,22.0,0.5,-0.42857142857142855,0.39285714285714285,5.5,22.0,0.5,-0.42857142857142855,0.42857142857142855,6.0,20.0,0.42857142857142855,-0.39285714285714285,0.03571428571428571,0.5,-1.0,0.35714285714285715,-0.7857142857142857,0.14285714285714285,2.0,8.5,0.5,-0.6785714285714286,0.21428571428571427,3.0,10.0,0.42857142857142855,-0.6071428571428571,0.42857142857142855,6.0,25.5,0.5714285714285714,-0.39285714285714285
Mark 14,VEV_5300,buy,3,10,31,3.1,3.0,1.2,-0.5,0.0,0.1,0.45,4.5,14.0,0.5,-0.05,0.45,4.5,14.0,0.5,-0.05,0.4,4.0,12.0,0.5,-0.1,0.45,4.5,13.0,0.7,-0.05,0.85,8.5,26.5,0.7,0.35,0.55,5.5,25.5,0.4,0.05,1.25,12.5,51.0,0.7,0.75
Mark 14,VEV_5400,buy,1,5,19,3.8,4.0,1.0,-0.5,0.0,0.0,0.1,0.5,2.0,0.2,-0.4,0.1,0.5,2.0,0.2,-0.4,0.0,0.0,0.0,0.2,-0.5,0.1,0.5,1.0,0.4,-0.4,0.0,0.0,-1.5,0.4,-0.5,0.0,0.0,-3.0,0.4,-0.5,-1.3,-6.5,-32.5,0.4,-1.8
Mark 14,VEV_5400,buy,2,2,7,3.5,3.5,1.0,-0.5,0.0,0.0,0.0,0.0,0.0,0.0,-0.5,0.0,0.0,0.0,0.0,-0.5,-0.25,-0.5,-2.5,0.0,-0.75,-0.25,-0.5,-2.5,0.0,-0.75,-0.25,-0.5,-2.5,0.0,-0.75,0.0,0.0,1.5,0.5,-0.5,0.0,0.0,1.5,0.5,-0.5
Mark 14,VEV_5400,buy,3,6,22,3.6666666666666665,3.5,1.1666666666666667,-0.4166666666666667,0.0,0.16666666666666666,0.25,1.5,4.0,0.5,-0.16666666666666666,0.25,1.5,4.0,0.5,-0.16666666666666666,0.25,1.5,5.0,0.5,-0.16666666666666666,0.16666666666666666,1.0,3.5,0.5,-0.25,0.0,0.0,0.0,0.5,-0.4166666666666667,0.25,1.5,7.0,0.6666666666666666,-0.16666666666666666,0.4166666666666667,2.5,14.0,0.6666666666666666,0.0
Mark 14,VEV_5500,buy,1,3,11,3.6666666666666665,4.0,1.0,-0.5,0.0,0.0,0.3333333333333333,1.0,3.5,0.6666666666666666,-0.16666666666666666,0.3333333333333333,1.0,3.5,0.6666666666666666,-0.16666666666666666,0.16666666666666666,0.5,2.5,0.3333333333333333,-0.3333333333333333,0.5,1.5,5.5,1.0,0.0,0.5,1.5,5.5,1.0,0.0,-0.16666666666666666,-0.5,-3.5,0.3333333333333333,-0.6666666666666666,0.16666666666666666,0.5,1.5,0.6666666666666666,-0.3333333333333333
Mark 14,VEV_5500,buy,2,3,11,3.6666666666666665,4.0,1.0,-0.5,0.0,0.0,0.3333333333333333,1.0,3.5,0.6666666666666666,-0.16666666666666666,0.3333333333333333,1.0,3.5,0.6666666666666666,-0.16666666666666666,0.5,1.5,5.5,1.0,0.0,0.16666666666666666,0.5,1.5,0.6666666666666666,-0.3333333333333333,0.5,1.5,5.5,1.0,0.0,0.5,1.5,5.5,1.0,0.0,0.16666666666666666,0.5,1.5,0.6666666666666666,-0.3333333333333333
Mark 14,VEV_5500,buy,3,1,5,5.0,5.0,1.0,-0.5,0.0,0.0,0.0,0.0,0.0,0.0,-0.5,0.0,0.0,0.0,0.0,-0.5,0.0,0.0,0.0,0.0,-0.5,-0.5,-0.5,-2.5,0.0,-1.0,-0.5,-0.5,-2.5,0.0,-1.0,-0.5,-0.5,-2.5,0.0,-1.0,-0.5,-0.5,-2.5,0.0,-1.0
Mark 22,HYDROGEL_PACK,buy,1,3,11,3.6666666666666665,4.0,8.333333333333334,-4.166666666666667,0.0,0.0,1.0,3.0,10.0,0.6666666666666666,-3.1666666666666665,1.0,3.0,10.0,0.6666666666666666,-3.1666666666666665,1.6666666666666667,5.0,17.0,0.6666666666666666,-2.5,3.3333333333333335,10.0,35.0,1.0,-0.8333333333333334,-0.6666666666666666,-2.0,-9.0,0.3333333333333333,-4.833333333333333,-0.8333333333333334,-2.5,0.0,0.6666666666666666,-5.0,-5.0,-15.0,-33.0,0.3333333333333333,-9.166666666666666
Mark 22,HYDROGEL_PACK,buy,2,4,15,3.75,4.0,8.25,-4.125,0.0,0.0,0.25,1.0,1.0,0.5,-3.875,0.25,1.0,1.0,0.5,-3.875,0.75,3.0,7.0,0.5,-3.375,0.875,3.5,20.5,0.5,-3.25,0.0,0.0,15.0,0.5,-4.125,-4.25,-17.0,-51.0,0.25,-8.375,-12.25,-49.0,-181.0,0.0,-16.375
Mark 22,HYDROGEL_PACK,buy,3,4,16,4.0,4.0,8.0,-4.0,0.0,0.0,1.75,7.0,42.0,0.75,-2.25,1.75,7.0,42.0,0.75,-2.25,-0.25,-1.0,0.5,0.5,-4.25,0.5,2.0,11.0,0.5,-3.5,-2.0,-8.0,-7.0,0.5,-6.0,0.0,0.0,34.0,0.75,-4.0,-7.0,-28.0,-50.0,0.25,-11.0
Mark 22,HYDROGEL_PACK,sell,1,2,7,3.5,3.5,7.5,-3.75,0.0,0.0,2.5,5.0,19.0,1.0,-1.25,2.5,5.0,19.0,1.0,-1.25,1.0,2.0,8.0,0.5,-2.75,4.5,9.0,35.0,1.0,0.75,6.0,12.0,47.0,1.0,2.25,7.0,14.0,53.0,1.0,3.25,1.5,3.0,25.0,0.5,-2.25
Mark 22,HYDROGEL_PACK,sell,2,4,17,4.25,4.5,7.0,-3.5,0.0,0.0,-0.5,-2.0,-13.0,0.25,-4.0,-0.5,-2.0,-13.0,0.25,-4.0,-1.0,-4.0,-22.0,0.5,-4.5,-0.25,-1.0,-17.0,0.5,-3.75,0.5,2.0,22.0,0.5,-3.0,2.75,11.0,22.0,0.75,-0.75,7.875,31.5,139.0,0.75,4.375
Mark 22,HYDROGEL_PACK,sell,3,2,8,4.0,4.0,7.0,-3.5,0.0,0.0,0.0,0.0,-2.0,0.5,-3.5,0.0,0.0,-2.0,0.5,-3.5,-0.5,-1.0,-5.0,0.0,-4.0,-2.5,-5.0,-17.0,0.0,-6.0,-6.5,-13.0,-57.0,0.0,-10.0,-3.5,-7.0,-31.0,0.0,-7.0,-3.5,-7.0,-15.0,0.5,-7.0
Mark 22,VELVETFRUIT_EXTRACT,buy,1,10,61,6.1,6.0,2.4,-0.4,0.4,0.0,0.2,2.0,20.0,0.4,-0.2,0.2,2.0,20.0,0.4,-0.2,0.15,1.5,16.0,0.5,-0.25,0.3,3.0,25.5,0.5,-0.1,1.25,12.5,89.5,0.6,0.85,0.8,8.0,84.5,0.6,0.4,0.55,5.5,76.5,0.4,0.15
Mark 22,VELVETFRUIT_EXTRACT,buy,2,9,51,5.666666666666667,5.0,3.111111111111111,-1.3333333333333333,0.1111111111111111,0.0,0.6111111111111112,5.5,30.5,0.6666666666666666,-0.7222222222222222,0.6111111111111112,5.5,30.5,0.6666666666666666,-0.7222222222222222,0.0,0.0,2.0,0.4444444444444444,-1.3333333333333333,-0.2222222222222222,-2.0,-12.0,0.5555555555555556,-1.5555555555555556,0.16666666666666666,1.5,-4.0,0.4444444444444444,-1.1666666666666667,1.9444444444444444,17.5,83.0,0.6666666666666666,0.6111111111111112,1.2222222222222223,11.0,67.5,0.5555555555555556,-0.1111111111111111
Mark 22,VELVETFRUIT_EXTRACT,buy,3,6,34,5.666666666666667,5.0,2.6666666666666665,-1.0,0.16666666666666666,0.0,1.0,6.0,30.0,1.0,0.0,1.0,6.0,30.0,1.0,0.0,1.1666666666666667,7.0,45.5,0.8333333333333334,0.16666666666666666,1.8333333333333333,11.0,63.5,0.8333333333333334,0.8333333333333334,3.4166666666666665,20.5,118.0,0.8333333333333334,2.4166666666666665,4.166666666666667,25.0,145.0,0.8333333333333334,3.1666666666666665,1.5833333333333333,9.5,54.5,0.8333333333333334,0.5833333333333334
Mark 22,VELVETFRUIT_EXTRACT,sell,1,40,274,6.85,7.0,2.125,-0.8375,0.075,0.0,-0.8125,-32.5,-226.5,0.2,-1.65,-0.8125,-32.5,-226.5,0.2,-1.65,-0.6625,-26.5,-187.5,0.225,-1.5,-1.2375,-49.5,-354.5,0.2,-2.075,-1.425,-57.0,-393.5,0.3,-2.2625,-1.2,-48.0,-329.0,0.4,-2.0375,-2.2625,-90.5,-587.5,0.375,-3.1
Mark 22,VELVETFRUIT_EXTRACT,sell,2,37,241,6.513513513513513,6.0,2.054054054054054,-0.7837837837837838,0.08108108108108109,0.0,-0.7297297297297297,-27.0,-175.0,0.16216216216216217,-1.5135135135135136,-0.7297297297297297,-27.0,-175.0,0.16216216216216217,-1.5135135135135136,-0.9594594594594594,-35.5,-236.5,0.16216216216216217,-1.7432432432432432,-0.7567567567567568,-28.0,-189.0,0.35135135135135137,-1.5405405405405406,-0.7567567567567568,-28.0,-185.0,0.35135135135135137,-1.5405405405405406,-0.5540540540540541,-20.5,-138.5,0.43243243243243246,-1.337837837837838,-0.918918918918919,-34.0,-239.0,0.4594594594594595,-1.7027027027027026
Mark 22,VELVETFRUIT_EXTRACT,sell,3,24,182,7.583333333333333,7.0,2.1666666666666665,-0.375,0.20833333333333334,0.0,-0.875,-21.0,-155.5,0.16666666666666666,-1.25,-0.875,-21.0,-155.5,0.16666666666666666,-1.25,-0.5833333333333334,-14.0,-118.0,0.3333333333333333,-0.9583333333333334,-0.2916666666666667,-7.0,-48.5,0.4583333333333333,-0.6666666666666666,-0.041666666666666664,-1.0,-5.5,0.4583333333333333,-0.4166666666666667,-0.3333333333333333,-8.0,-78.5,0.4583333333333333,-0.7083333333333334,0.2916666666666667,7.0,-22.5,0.4583333333333333,-0.08333333333333333
Mark 22,VEV_4000,buy,3,1,3,3.0,3.0,11.0,-5.5,0.0,0.0,-0.5,-0.5,-1.5,0.0,-6.0,-0.5,-0.5,-1.5,0.0,-6.0,2.0,2.0,6.0,1.0,-3.5,4.0,4.0,12.0,1.0,-1.5,4.5,4.5,13.5,1.0,-1.0,6.5,6.5,19.5,1.0,1.0,13.5,13.5,40.5,1.0,8.0
Mark 22,VEV_4000,sell,1,1,1,1.0,1.0,10.0,-5.0,0.0,0.0,-5.5,-5.5,-5.5,0.0,-10.5,-5.5,-5.5,-5.5,0.0,-10.5,0.0,0.0,0.0,0.0,-5.0,1.0,1.0,1.0,1.0,-4.0,0.5,0.5,0.5,1.0,-4.5,-5.5,-5.5,-5.5,0.0,-10.5,-0.5,-0.5,-0.5,0.0,-5.5
Mark 22,VEV_4000,sell,3,1,2,2.0,2.0,10.0,-5.0,0.0,0.0,0.5,0.5,1.0,1.0,-4.5,0.5,0.5,1.0,1.0,-4.5,0.5,0.5,1.0,1.0,-4.5,-0.5,-0.5,-1.0,0.0,-5.5,3.5,3.5,7.0,1.0,-1.5,5.5,5.5,11.0,1.0,0.5,3.0,3.0,6.0,1.0,-2.0
Mark 22,VEV_4500,buy,3,1,3,3.0,3.0,8.0,-4.0,0.0,0.0,-0.5,-0.5,-1.5,0.0,-4.5,-0.5,-0.5,-1.5,0.0,-4.5,2.0,2.0,6.0,1.0,-2.0,4.0,4.0,12.0,1.0,0.0,4.5,4.5,13.5,1.0,0.5,7.0,7.0,21.0,1.0,3.0,13.0,13.0,39.0,1.0,9.0
Mark 22,VEV_4500,sell,1,1,1,1.0,1.0,7.0,-3.5,0.0,0.0,-4.0,-4.0,-4.0,0.0,-7.5,-4.0,-4.0,-4.0,0.0,-7.5,0.0,0.0,0.0,0.0,-3.5,1.0,1.0,1.0,1.0,-2.5,0.5,0.5,0.5,1.0,-3.0,-5.5,-5.5,-5.5,0.0,-9.0,0.0,0.0,0.0,0.0,-3.5
Mark 22,VEV_4500,sell,3,1,2,2.0,2.0,7.0,-3.5,0.0,0.0,0.0,0.0,0.0,0.0,-3.5,0.0,0.0,0.0,0.0,-3.5,0.0,0.0,0.0,0.0,-3.5,0.0,0.0,0.0,0.0,-3.5,3.5,3.5,7.0,1.0,0.0,5.0,5.0,10.0,1.0,1.5,3.0,3.0,6.0,1.0,-0.5
Mark 22,VEV_5000,buy,3,1,3,3.0,3.0,3.0,-1.5,0.0,0.0,0.0,0.0,0.0,0.0,-1.5,0.0,0.0,0.0,0.0,-1.5,2.0,2.0,6.0,1.0,0.5,4.0,4.0,12.0,1.0,2.5,5.0,5.0,15.0,1.0,3.5,7.0,7.0,21.0,1.0,5.5,13.0,13.0,39.0,1.0,11.5
Mark 22,VEV_5000,sell,1,1,1,1.0,1.0,2.0,-1.0,0.0,0.0,-2.0,-2.0,-2.0,0.0,-3.0,-2.0,-2.0,-2.0,0.0,-3.0,-0.5,-0.5,-0.5,0.0,-1.5,0.5,0.5,0.5,1.0,-0.5,0.0,0.0,0.0,0.0,-1.0,-6.0,-6.0,-6.0,0.0,-7.0,-1.0,-1.0,-1.0,0.0,-2.0
Mark 22,VEV_5000,sell,3,1,2,2.0,2.0,2.0,-1.0,0.0,0.0,0.5,0.5,1.0,1.0,-0.5,0.5,0.5,1.0,1.0,-0.5,0.0,0.0,0.0,0.0,-1.0,0.0,0.0,0.0,0.0,-1.0,4.0,4.0,8.0,1.0,3.0,5.0,5.0,10.0,1.0,4.0,3.0,3.0,6.0,1.0,2.0
Mark 22,VEV_5100,buy,3,1,3,3.0,3.0,3.0,-1.5,0.0,0.0,0.0,0.0,0.0,0.0,-1.5,0.0,0.0,0.0,0.0,-1.5,2.0,2.0,6.0,1.0,0.5,4.0,4.0,12.0,1.0,2.5,4.5,4.5,13.5,1.0,3.0,6.0,6.0,18.0,1.0,4.5,12.0,12.0,36.0,1.0,10.5
Mark 22,VEV_5100,sell,1,1,1,1.0,1.0,2.0,-1.0,0.0,0.0,-1.0,-1.0,-1.0,0.0,-2.0,-1.0,-1.0,-1.0,0.0,-2.0,0.0,0.0,0.0,0.0,-1.0,1.0,1.0,1.0,1.0,0.0,0.0,0.0,0.0,0.0,-1.0,-4.5,-4.5,-4.5,0.0,-5.5,0.0,0.0,0.0,0.0,-1.0
Mark 22,VEV_5100,sell,3,1,2,2.0,2.0,1.0,-0.5,0.0,0.0,0.0,0.0,0.0,0.0,-0.5,0.0,0.0,0.0,0.0,-0.5,0.0,0.0,0.0,0.0,-0.5,0.0,0.0,0.0,0.0,-0.5,3.0,3.0,6.0,1.0,2.5,4.0,4.0,8.0,1.0,3.5,2.0,2.0,4.0,1.0,1.5
Mark 22,VEV_5200,buy,3,1,3,3.0,3.0,2.0,-1.0,0.0,0.0,0.0,0.0,0.0,0.0,-1.0,0.0,0.0,0.0,0.0,-1.0,1.5,1.5,4.5,1.0,0.5,3.0,3.0,9.0,1.0,2.0,3.0,3.0,9.0,1.0,2.0,4.5,4.5,13.5,1.0,3.5,8.5,8.5,25.5,1.0,7.5
Mark 22,VEV_5200,sell,1,7,22,3.142857142857143,4.0,1.8571428571428572,0.7857142857142857,0.8571428571428571,0.0,-1.2857142857142858,-9.0,-29.5,0.0,-0.5,-1.2857142857142858,-9.0,-29.5,0.0,-0.5,-0.5714285714285714,-4.0,-12.0,0.2857142857142857,0.21428571428571427,-0.35714285714285715,-2.5,-8.0,0.2857142857142857,0.42857142857142855,-0.2857142857142857,-2.0,-10.0,0.42857142857142855,0.5,0.07142857142857142,0.5,7.5,0.5714285714285714,0.8571428571428571,1.4285714285714286,10.0,21.5,0.42857142857142855,2.2142857142857144
Mark 22,VEV_5200,sell,2,8,26,3.25,3.0,2.0,1.0,1.0,0.0,-1.3125,-10.5,-32.5,0.0,-0.3125,-1.3125,-10.5,-32.5,0.0,-0.3125,-1.0625,-8.5,-26.0,0.0,-0.0625,-1.0,-8.0,-27.0,0.0,0.0,-1.5,-12.0,-36.5,0.125,-0.5,-3.625,-29.0,-95.0,0.0,-2.625,-3.6875,-29.5,-94.5,0.25,-2.6875
Mark 22,VEV_5200,sell,3,31,111,3.5806451612903225,4.0,1.967741935483871,0.9516129032258065,0.967741935483871,0.0,-0.9193548387096774,-28.5,-106.0,0.06451612903225806,0.03225806451612903,-0.9193548387096774,-28.5,-106.0,0.06451612903225806,0.03225806451612903,-0.9193548387096774,-28.5,-105.0,0.06451612903225806,0.03225806451612903,-0.7419354838709677,-23.0,-87.0,0.12903225806451613,0.20967741935483872,-1.064516129032258,-33.0,-123.5,0.3548387096774194,-0.11290322580645161,-0.8064516129032258,-25.0,-111.0,0.3548387096774194,0.14516129032258066,-1.903225806451613,-59.0,-162.5,0.3548387096774194,-0.9516129032258065
Mark 22,VEV_5300,buy,3,1,3,3.0,3.0,1.0,-0.5,0.0,0.0,0.0,0.0,0.0,0.0,-0.5,0.0,0.0,0.0,0.0,-0.5,1.0,1.0,3.0,1.0,0.5,1.0,1.0,3.0,1.0,0.5,1.5,1.5,4.5,1.0,1.0,2.0,2.0,6.0,1.0,1.5,4.0,4.0,12.0,1.0,3.5
Mark 22,VEV_5300,sell,1,39,130,3.3333333333333335,3.0,1.9743589743589745,0.9615384615384616,0.9743589743589743,0.0,-0.8205128205128205,-32.0,-109.5,0.0,0.14102564102564102,-0.8205128205128205,-32.0,-109.5,0.0,0.14102564102564102,-0.8076923076923077,-31.5,-106.0,0.0,0.15384615384615385,-0.717948717948718,-28.0,-97.5,0.05128205128205128,0.24358974358974358,-0.7692307692307693,-30.0,-107.5,0.1282051282051282,0.19230769230769232,-0.48717948717948717,-19.0,-63.5,0.3076923076923077,0.47435897435897434,-0.48717948717948717,-19.0,-93.0,0.3076923076923077,0.47435897435897434
Mark 22,VEV_5300,sell,2,45,162,3.6,4.0,1.9111111111111112,0.9333333333333333,0.9777777777777777,0.022222222222222223,-0.7,-31.5,-112.5,0.0,0.23333333333333334,-0.7,-31.5,-112.5,0.0,0.23333333333333334,-0.6333333333333333,-28.5,-97.0,0.044444444444444446,0.3,-0.6555555555555556,-29.5,-104.5,0.08888888888888889,0.2777777777777778,-0.6777777777777778,-30.5,-109.5,0.13333333333333333,0.25555555555555554,-0.8666666666666667,-39.0,-135.0,0.2,0.06666666666666667,-1.0777777777777777,-48.5,-161.0,0.2222222222222222,-0.14444444444444443
Mark 22,VEV_5300,sell,3,79,253,3.2025316455696204,3.0,1.6075949367088607,0.7911392405063291,0.9873417721518988,0.012658227848101266,-0.7151898734177216,-56.5,-181.5,0.0,0.0759493670886076,-0.7151898734177216,-56.5,-181.5,0.0,0.0759493670886076,-0.6962025316455697,-55.0,-181.0,0.012658227848101266,0.0949367088607595,-0.6708860759493671,-53.0,-170.5,0.0759493670886076,0.12025316455696203,-0.7341772151898734,-58.0,-181.5,0.189873417721519,0.056962025316455694,-0.810126582278481,-64.0,-228.0,0.24050632911392406,-0.0189873417721519,-1.1582278481012658,-91.5,-291.0,0.26582278481012656,-0.3670886075949367
Mark 22,VEV_5400,sell,1,81,286,3.5308641975308643,4.0,1.2098765432098766,0.6049382716049383,1.0,0.0,-0.5432098765432098,-44.0,-155.0,0.012345679012345678,0.06172839506172839,-0.5432098765432098,-44.0,-155.0,0.012345679012345678,0.06172839506172839,-0.5493827160493827,-44.5,-160.0,0.012345679012345678,0.05555555555555555,-0.5925925925925926,-48.0,-170.0,0.012345679012345678,0.012345679012345678,-0.5679012345679012,-46.0,-173.0,0.1111111111111111,0.037037037037037035,-0.6234567901234568,-50.5,-187.5,0.1728395061728395,-0.018518518518518517,-0.5925925925925926,-48.0,-178.5,0.24691358024691357,0.012345679012345678
Mark 22,VEV_5400,sell,2,80,283,3.5375,4.0,1.25,0.625,1.0,0.0,-0.58125,-46.5,-165.0,0.0125,0.04375,-0.58125,-46.5,-165.0,0.0125,0.04375,-0.5625,-45.0,-157.0,0.05,0.0625,-0.58125,-46.5,-161.5,0.0625,0.04375,-0.55,-44.0,-154.5,0.1125,0.075,-0.6375,-51.0,-180.5,0.15,-0.0125,-0.74375,-59.5,-216.0,0.2375,-0.11875
Mark 22,VEV_5400,sell,3,115,390,3.391304347826087,3.0,1.1217391304347826,0.5521739130434783,0.991304347826087,0.008695652173913044,-0.5217391304347826,-60.0,-203.5,0.0,0.030434782608695653,-0.5217391304347826,-60.0,-203.5,0.0,0.030434782608695653,-0.5304347826086957,-61.0,-209.5,0.017391304347826087,0.021739130434782608,-0.5173913043478261,-59.5,-206.0,0.02608695652173913,0.034782608695652174,-0.5608695652173913,-64.5,-217.5,0.06086956521739131,-0.008695652173913044,-0.5826086956521739,-67.0,-247.0,0.1391304347826087,-0.030434782608695653,-0.6885964912280702,-78.5,-272.5,0.17391304347826086,-0.13596491228070176
Mark 22,VEV_5500,sell,1,92,321,3.489130434782609,4.0,1.076086956521739,0.5380434782608695,1.0,0.0,-0.5054347826086957,-46.5,-157.0,0.0,0.03260869565217391,-0.5054347826086957,-46.5,-157.0,0.0,0.03260869565217391,-0.5217391304347826,-48.0,-164.0,0.0,0.016304347826086956,-0.5163043478260869,-47.5,-167.5,0.0,0.021739130434782608,-0.4891304347826087,-45.0,-158.5,0.06521739130434782,0.04891304347826087,-0.5108695652173914,-47.0,-160.0,0.09782608695652174,0.02717391304347826,-0.5108695652173914,-47.0,-164.5,0.18478260869565216,0.02717391304347826
Mark 22,VEV_5500,sell,2,94,335,3.5638297872340425,4.0,1.0851063829787233,0.5425531914893617,1.0,0.0,-0.5159574468085106,-48.5,-171.5,0.0,0.026595744680851064,-0.5159574468085106,-48.5,-171.5,0.0,0.026595744680851064,-0.4946808510638298,-46.5,-166.0,0.010638297872340425,0.047872340425531915,-0.4946808510638298,-46.5,-165.5,0.0425531914893617,0.047872340425531915,-0.526595744680851,-49.5,-175.0,0.031914893617021274,0.015957446808510637,-0.5585106382978723,-52.5,-185.5,0.06382978723404255,-0.015957446808510637,-0.5904255319148937,-55.5,-192.5,0.14893617021276595,-0.047872340425531915
Mark 22,VEV_5500,sell,3,120,413,3.441666666666667,3.0,1.0083333333333333,0.5041666666666667,1.0,0.0,-0.5,-60.0,-205.0,0.0,0.004166666666666667,-0.5,-60.0,-205.0,0.0,0.004166666666666667,-0.5083333333333333,-61.0,-208.0,0.0,-0.004166666666666667,-0.49166666666666664,-59.0,-203.0,0.016666666666666666,0.0125,-0.5041666666666667,-60.5,-207.5,0.025,0.0,-0.55,-66.0,-231.0,0.041666666666666664,-0.04583333333333333,-0.5378151260504201,-64.0,-221.5,0.06666666666666667,-0.03361344537815126
Mark 22,VEV_6000,sell,1,98,345,3.520408163265306,4.0,1.0,0.5,1.0,0.0,-0.5,-49.0,-172.5,0.0,0.0,-0.5,-49.0,-172.5,0.0,0.0,-0.5,-49.0,-172.5,0.0,0.0,-0.5,-49.0,-172.5,0.0,0.0,-0.5,-49.0,-172.5,0.0,0.0,-0.5,-49.0,-172.5,0.0,0.0,-0.5,-49.0,-172.5,0.0,0.0
Mark 22,VEV_6000,sell,2,95,337,3.5473684210526315,4.0,1.0,0.5,1.0,0.0,-0.5,-47.5,-168.5,0.0,0.0,-0.5,-47.5,-168.5,0.0,0.0,-0.5,-47.5,-168.5,0.0,0.0,-0.5,-47.5,-168.5,0.0,0.0,-0.5,-47.5,-168.5,0.0,0.0,-0.5,-47.5,-168.5,0.0,0.0,-0.5,-47.5,-168.5,0.0,0.0
Mark 22,VEV_6000,sell,3,124,423,3.411290322580645,3.0,1.0,0.5,1.0,0.0,-0.5,-62.0,-211.5,0.0,0.0,-0.5,-62.0,-211.5,0.0,0.0,-0.5,-62.0,-211.5,0.0,0.0,-0.5,-62.0,-211.5,0.0,0.0,-0.5,-62.0,-211.5,0.0,0.0,-0.5,-62.0,-211.5,0.0,0.0,-0.5,-61.5,-209.5,0.0,0.0
Mark 22,VEV_6500,sell,1,98,345,3.520408163265306,4.0,1.0,0.5,1.0,0.0,-0.5,-49.0,-172.5,0.0,0.0,-0.5,-49.0,-172.5,0.0,0.0,-0.5,-49.0,-172.5,0.0,0.0,-0.5,-49.0,-172.5,0.0,0.0,-0.5,-49.0,-172.5,0.0,0.0,-0.5,-49.0,-172.5,0.0,0.0,-0.5,-49.0,-172.5,0.0,0.0
Mark 22,VEV_6500,sell,2,95,337,3.5473684210526315,4.0,1.0,0.5,1.0,0.0,-0.5,-47.5,-168.5,0.0,0.0,-0.5,-47.5,-168.5,0.0,0.0,-0.5,-47.5,-168.5,0.0,0.0,-0.5,-47.5,-168.5,0.0,0.0,-0.5,-47.5,-168.5,0.0,0.0,-0.5,-47.5,-168.5,0.0,0.0,-0.5,-47.5,-168.5,0.0,0.0
Mark 22,VEV_6500,sell,3,124,423,3.411290322580645,3.0,1.0,0.5,1.0,0.0,-0.5,-62.0,-211.5,0.0,0.0,-0.5,-62.0,-211.5,0.0,0.0,-0.5,-62.0,-211.5,0.0,0.0,-0.5,-62.0,-211.5,0.0,0.0,-0.5,-62.0,-211.5,0.0,0.0,-0.5,-62.0,-211.5,0.0,0.0,-0.5,-61.5,-209.5,0.0,0.0
Mark 38,HYDROGEL_PACK,buy,1,189,745,3.941798941798942,4.0,15.825396825396826,7.912698412698413,1.0,0.0,-8.158730158730158,-1542.0,-6148.0,0.0,-0.24603174603174602,-8.158730158730158,-1542.0,-6148.0,0.0,-0.24603174603174602,-8.39153439153439,-1586.0,-6295.5,0.0,-0.47883597883597884,-8.23015873015873,-1555.5,-6242.5,0.021164021164021163,-0.31746031746031744,-8.08994708994709,-1529.0,-5958.5,0.08994708994708994,-0.17724867724867724,-8.293650793650794,-1567.5,-6203.0,0.19047619047619047,-0.38095238095238093,-9.428571428571429,-1782.0,-6719.5,0.25925925925925924,-1.5158730158730158
Mark 38,HYDROGEL_PACK,buy,2,165,658,3.987878787878788,4.0,15.618181818181819,7.8090909090909095,1.0,0.0,-7.790909090909091,-1285.5,-5142.5,0.012121212121212121,0.01818181818181818,-7.790909090909091,-1285.5,-5142.5,0.012121212121212121,0.01818181818181818,-8.127272727272727,-1341.0,-5438.0,0.012121212121212121,-0.3181818181818182,-7.827272727272727,-1291.5,-5216.5,0.03636363636363636,-0.01818181818181818,-7.712121212121212,-1272.5,-4979.0,0.07878787878787878,0.09696969696969697,-8.442424242424243,-1393.0,-5525.0,0.09696969696969697,-0.6333333333333333,-8.375757575757575,-1382.0,-5479.0,0.21818181818181817,-0.5666666666666667
Mark 38,HYDROGEL_PACK,buy,3,161,662,4.111801242236025,4.0,15.782608695652174,7.891304347826087,1.0,0.0,-7.826086956521739,-1260.0,-5205.5,0.006211180124223602,0.06521739130434782,-7.826086956521739,-1260.0,-5205.5,0.006211180124223602,0.06521739130434782,-7.645962732919255,-1231.0,-5111.5,0.006211180124223602,0.2453416149068323,-7.881987577639752,-1269.0,-5190.0,0.031055900621118012,0.009316770186335404,-7.962732919254658,-1282.0,-5155.0,0.08695652173913043,-0.07142857142857142,-7.841614906832298,-1262.5,-5412.5,0.18012422360248448,0.049689440993788817,-9.105590062111801,-1466.0,-6252.0,0.2422360248447205,-1.2142857142857142
Mark 38,HYDROGEL_PACK,sell,1,186,740,3.978494623655914,4.0,15.811827956989248,7.905913978494624,1.0,0.0,-8.123655913978494,-1511.0,-6059.5,0.0,-0.21774193548387097,-8.123655913978494,-1511.0,-6059.5,0.0,-0.21774193548387097,-8.11021505376344,-1508.5,-6013.0,0.005376344086021506,-0.20430107526881722,-8.223118279569892,-1529.5,-6087.5,0.026881720430107527,-0.3172043010752688,-8.424731182795698,-1567.0,-6212.5,0.0913978494623656,-0.5188172043010753,-8.986559139784946,-1671.5,-6575.5,0.11827956989247312,-1.0806451612903225,-8.798387096774194,-1636.5,-6303.0,0.3010752688172043,-0.8924731182795699
Mark 38,HYDROGEL_PACK,sell,2,146,586,4.013698630136986,4.0,15.773972602739725,7.886986301369863,1.0,0.0,-7.8493150684931505,-1146.0,-4627.5,0.0136986301369863,0.03767123287671233,-7.8493150684931505,-1146.0,-4627.5,0.0136986301369863,0.03767123287671233,-7.958904109589041,-1162.0,-4712.0,0.00684931506849315,-0.07191780821917808,-7.9520547945205475,-1161.0,-4729.0,0.03424657534246575,-0.06506849315068493,-7.667808219178082,-1119.5,-4551.5,0.0958904109589041,0.2191780821917808,-7.664383561643835,-1119.0,-4529.0,0.17123287671232876,0.2226027397260274,-8.362068965517242,-1212.5,-4817.0,0.22602739726027396,-0.47586206896551725
Mark 38,HYDROGEL_PACK,sell,3,175,705,4.0285714285714285,4.0,15.788571428571428,7.894285714285714,1.0,0.0,-8.042857142857143,-1407.5,-5632.5,0.005714285714285714,-0.14857142857142858,-8.042857142857143,-1407.5,-5632.5,0.005714285714285714,-0.14857142857142858,-7.782857142857143,-1362.0,-5421.0,0.011428571428571429,0.11142857142857143,-7.537142857142857,-1319.0,-5251.0,0.03428571428571429,0.35714285714285715,-7.868571428571428,-1377.0,-5433.0,0.12,0.025714285714285714,-7.225714285714286,-1264.5,-4778.5,0.24,0.6685714285714286,-7.505714285714285,-1313.5,-4895.5,0.2742857142857143,0.38857142857142857
Mark 38,VEV_4000,buy,1,73,148,2.0273972602739727,2.0,20.643835616438356,10.321917808219178,1.0,0.0,-10.383561643835616,-758.0,-1549.0,0.0136986301369863,-0.06164383561643835,-10.383561643835616,-758.0,-1549.0,0.0136986301369863,-0.06164383561643835,-10.41095890410959,-760.0,-1557.0,0.0,-0.08904109589041095,-10.534246575342467,-769.0,-1572.5,0.0,-0.21232876712328766,-10.23972602739726,-747.5,-1554.5,0.0,0.0821917808219178,-10.51388888888889,-757.0,-1555.5,0.0136986301369863,-0.19444444444444445,-11.222222222222221,-808.0,-1656.5,0.0273972602739726,-0.9027777777777778
Mark 38,VEV_4000,buy,2,64,124,1.9375,2.0,20.875,10.4375,1.0,0.0,-10.4140625,-666.5,-1278.5,0.0,0.0234375,-10.4140625,-666.5,-1278.5,0.0,0.0234375,-10.3671875,-663.5,-1273.0,0.0,0.0703125,-10.203125,-653.0,-1253.0,0.0,0.234375,-9.96875,-638.0,-1233.0,0.0,0.46875,-9.619047619047619,-606.0,-1186.0,0.015625,0.8095238095238095,-9.777777777777779,-616.0,-1219.5,0.015625,0.6507936507936508
Mark 38,VEV_4000,buy,3,72,143,1.9861111111111112,2.0,20.444444444444443,10.222222222222221,1.0,0.0,-10.0625,-724.5,-1429.0,0.0,0.1597222222222222,-10.0625,-724.5,-1429.0,0.0,0.1597222222222222,-10.083333333333334,-726.0,-1427.0,0.0,0.1388888888888889,-9.708333333333334,-699.0,-1387.5,0.013888888888888888,0.5138888888888888,-9.92361111111111,-714.5,-1398.5,0.0,0.2986111111111111,-9.98611111111111,-719.0,-1405.5,0.0,0.2361111111111111,-10.0625,-724.5,-1444.0,0.05555555555555555,0.1597222222222222
Mark 38,VEV_4000,sell,1,91,185,2.032967032967033,2.0,20.9010989010989,10.45054945054945,1.0,0.0,-10.697802197802197,-973.5,-1981.5,0.0,-0.24725274725274726,-10.697802197802197,-973.5,-1981.5,0.0,-0.24725274725274726,-10.505494505494505,-956.0,-1940.0,0.0,-0.054945054945054944,-10.26923076923077,-934.5,-1898.0,0.0,0.1813186813186813,-10.54945054945055,-960.0,-1962.0,0.0,-0.0989010989010989,-10.56043956043956,-961.0,-1937.5,0.01098901098901099,-0.10989010989010989,-10.505555555555556,-945.5,-1928.0,0.04395604395604396,-0.05555555555555555
Mark 38,VEV_4000,sell,2,64,132,2.0625,2.0,21.078125,10.5390625,1.0,0.0,-10.2734375,-657.5,-1347.5,0.0,0.265625,-10.2734375,-657.5,-1347.5,0.0,0.265625,-9.9296875,-635.5,-1292.5,0.0,0.609375,-10.0078125,-640.5,-1312.0,0.0,0.53125,-9.8828125,-632.5,-1312.0,0.0,0.65625,-9.4296875,-603.5,-1250.0,0.03125,1.109375,-10.0859375,-645.5,-1236.5,0.109375,0.453125
Mark 38,VEV_4000,sell,3,78,144,1.8461538461538463,2.0,20.71794871794872,10.35897435897436,1.0,0.0,-10.102564102564102,-788.0,-1442.0,0.01282051282051282,0.2564102564102564,-10.102564102564102,-788.0,-1442.0,0.01282051282051282,0.2564102564102564,-10.006410256410257,-780.5,-1425.0,0.0,0.3525641025641026,-10.5,-819.0,-1505.5,0.0,-0.14102564102564102,-10.98076923076923,-856.5,-1560.5,0.0,-0.6217948717948718,-10.621794871794872,-828.5,-1531.5,0.0,-0.26282051282051283,-10.5,-819.0,-1446.0,0.10256410256410256,-0.14102564102564102
Mark 38,VEV_4500,buy,1,1,1,1.0,1.0,7.0,3.5,1.0,0.0,4.0,4.0,4.0,1.0,7.5,4.0,4.0,4.0,1.0,7.5,0.0,0.0,0.0,0.0,3.5,-1.0,-1.0,-1.0,0.0,2.5,-0.5,-0.5,-0.5,0.0,3.0,5.5,5.5,5.5,1.0,9.0,0.0,0.0,0.0,0.0,3.5
Mark 38,VEV_4500,buy,3,1,2,2.0,2.0,7.0,3.5,1.0,0.0,0.0,0.0,0.0,0.0,3.5,0.0,0.0,0.0,0.0,3.5,0.0,0.0,0.0,0.0,3.5,0.0,0.0,0.0,0.0,3.5,-3.5,-3.5,-7.0,0.0,0.0,-5.0,-5.0,-10.0,0.0,-1.5,-3.0,-3.0,-6.0,0.0,0.5
Mark 38,VEV_4500,sell,3,1,3,3.0,3.0,8.0,4.0,1.0,0.0,0.5,0.5,1.5,1.0,4.5,0.5,0.5,1.5,1.0,4.5,-2.0,-2.0,-6.0,0.0,2.0,-4.0,-4.0,-12.0,0.0,0.0,-4.5,-4.5,-13.5,0.0,-0.5,-7.0,-7.0,-21.0,0.0,-3.0,-13.0,-13.0,-39.0,0.0,-9.0
Mark 38,VEV_5000,buy,1,1,1,1.0,1.0,2.0,1.0,1.0,0.0,2.0,2.0,2.0,1.0,3.0,2.0,2.0,2.0,1.0,3.0,0.5,0.5,0.5,1.0,1.5,-0.5,-0.5,-0.5,0.0,0.5,0.0,0.0,0.0,0.0,1.0,6.0,6.0,6.0,1.0,7.0,1.0,1.0,1.0,1.0,2.0
Mark 38,VEV_5000,buy,3,1,2,2.0,2.0,2.0,1.0,1.0,0.0,-0.5,-0.5,-1.0,0.0,0.5,-0.5,-0.5,-1.0,0.0,0.5,0.0,0.0,0.0,0.0,1.0,0.0,0.0,0.0,0.0,1.0,-4.0,-4.0,-8.0,0.0,-3.0,-5.0,-5.0,-10.0,0.0,-4.0,-3.0,-3.0,-6.0,0.0,-2.0
Mark 38,VEV_5000,sell,3,1,3,3.0,3.0,3.0,1.5,1.0,0.0,0.0,0.0,0.0,0.0,1.5,0.0,0.0,0.0,0.0,1.5,-2.0,-2.0,-6.0,0.0,-0.5,-4.0,-4.0,-12.0,0.0,-2.5,-5.0,-5.0,-15.0,0.0,-3.5,-7.0,-7.0,-21.0,0.0,-5.5,-13.0,-13.0,-39.0,0.0,-11.5
Mark 38,VEV_5100,buy,1,1,1,1.0,1.0,2.0,1.0,1.0,0.0,1.0,1.0,1.0,1.0,2.0,1.0,1.0,1.0,1.0,2.0,0.0,0.0,0.0,0.0,1.0,-1.0,-1.0,-1.0,0.0,0.0,0.0,0.0,0.0,0.0,1.0,4.5,4.5,4.5,1.0,5.5,0.0,0.0,0.0,0.0,1.0
Mark 38,VEV_5100,buy,3,1,2,2.0,2.0,1.0,0.5,1.0,0.0,0.0,0.0,0.0,0.0,0.5,0.0,0.0,0.0,0.0,0.5,0.0,0.0,0.0,0.0,0.5,0.0,0.0,0.0,0.0,0.5,-3.0,-3.0,-6.0,0.0,-2.5,-4.0,-4.0,-8.0,0.0,-3.5,-2.0,-2.0,-4.0,0.0,-1.5
Mark 38,VEV_5100,sell,3,1,3,3.0,3.0,3.0,1.5,1.0,0.0,0.0,0.0,0.0,0.0,1.5,0.0,0.0,0.0,0.0,1.5,-2.0,-2.0,-6.0,0.0,-0.5,-4.0,-4.0,-12.0,0.0,-2.5,-4.5,-4.5,-13.5,0.0,-3.0,-6.0,-6.0,-18.0,0.0,-4.5,-12.0,-12.0,-36.0,0.0,-10.5
Mark 38,VEV_5200,buy,1,1,1,1.0,1.0,1.0,0.5,1.0,0.0,0.5,0.5,0.5,1.0,1.0,0.5,0.5,0.5,1.0,1.0,-0.5,-0.5,-0.5,0.0,0.0,-0.5,-0.5,-0.5,0.0,0.0,-0.5,-0.5,-0.5,0.0,0.0,3.0,3.0,3.0,1.0,3.5,0.0,0.0,0.0,0.0,0.5
Mark 38,VEV_5200,buy,3,1,2,2.0,2.0,1.0,0.5,1.0,0.0,-0.5,-0.5,-1.0,0.0,0.0,-0.5,-0.5,-1.0,0.0,0.0,-0.5,-0.5,-1.0,0.0,0.0,0.0,0.0,0.0,0.0,0.5,-2.5,-2.5,-5.0,0.0,-2.0,-3.5,-3.5,-7.0,0.0,-3.0,-2.0,-2.0,-4.0,0.0,-1.5
Mark 38,VEV_5200,sell,3,1,3,3.0,3.0,2.0,1.0,1.0,0.0,0.0,0.0,0.0,0.0,1.0,0.0,0.0,0.0,0.0,1.0,-1.5,-1.5,-4.5,0.0,-0.5,-3.0,-3.0,-9.0,0.0,-2.0,-3.0,-3.0,-9.0,0.0,-2.0,-4.5,-4.5,-13.5,0.0,-3.5,-8.5,-8.5,-25.5,0.0,-7.5
Mark 38,VEV_5300,buy,1,1,1,1.0,1.0,1.0,0.5,1.0,0.0,0.5,0.5,0.5,1.0,1.0,0.5,0.5,0.5,1.0,1.0,0.0,0.0,0.0,0.0,0.5,0.0,0.0,0.0,0.0,0.5,0.0,0.0,0.0,0.0,0.5,2.0,2.0,2.0,1.0,2.5,0.0,0.0,0.0,0.0,0.5
Mark 38,VEV_5300,sell,3,1,3,3.0,3.0,1.0,0.5,1.0,0.0,0.0,0.0,0.0,0.0,0.5,0.0,0.0,0.0,0.0,0.5,-1.0,-1.0,-3.0,0.0,-0.5,-1.0,-1.0,-3.0,0.0,-0.5,-1.5,-1.5,-4.5,0.0,-1.0,-2.0,-2.0,-6.0,0.0,-1.5,-4.0,-4.0,-12.0,0.0,-3.5
Mark 49,VELVETFRUIT_EXTRACT,buy,1,6,38,6.333333333333333,6.0,2.6666666666666665,-1.0,0.16666666666666666,0.0,0.4166666666666667,2.5,14.5,0.8333333333333334,-0.5833333333333334,0.4166666666666667,2.5,14.5,0.8333333333333334,-0.5833333333333334,0.16666666666666666,1.0,4.0,0.5,-0.8333333333333334,0.9166666666666666,5.5,43.0,0.5,-0.08333333333333333,1.0833333333333333,6.5,48.5,0.5,0.08333333333333333,-1.0,-6.0,-41.5,0.5,-2.0,-1.0,-6.0,-3.0,0.16666666666666666,-2.0
Mark 49,VELVETFRUIT_EXTRACT,buy,2,6,40,6.666666666666667,7.0,2.5,-1.5833333333333333,0.0,0.0,0.16666666666666666,1.0,1.5,0.5,-1.4166666666666667,0.16666666666666666,1.0,1.5,0.5,-1.4166666666666667,0.5,3.0,18.0,0.6666666666666666,-1.0833333333333333,-0.4166666666666667,-2.5,-15.5,0.5,-2.0,0.3333333333333333,2.0,16.0,0.5,-1.25,1.8333333333333333,11.0,87.5,0.8333333333333334,0.25,4.583333333333333,27.5,251.0,0.6666666666666666,3.0
Mark 49,VELVETFRUIT_EXTRACT,buy,3,5,37,7.4,7.0,2.8,-2.0,0.0,0.0,0.1,0.5,-1.0,0.6,-1.9,0.1,0.5,-1.0,0.6,-1.9,0.1,0.5,2.5,0.6,-1.9,-1.7,-8.5,-66.5,0.2,-3.7,-3.3,-16.5,-116.5,0.2,-5.3,-3.7,-18.5,-129.5,0.2,-5.7,-1.1,-5.5,-23.0,0.4,-3.1
Mark 49,VELVETFRUIT_EXTRACT,sell,1,34,342,10.058823529411764,10.0,1.2941176470588236,-0.7352941176470589,0.0,0.0,-1.1470588235294117,-39.0,-447.0,0.058823529411764705,-1.8823529411764706,-1.1470588235294117,-39.0,-447.0,0.058823529411764705,-1.8823529411764706,-1.1323529411764706,-38.5,-440.5,0.11764705882352941,-1.8676470588235294,-1.2794117647058822,-43.5,-499.0,0.17647058823529413,-2.014705882352941,-1.7794117647058822,-60.5,-665.5,0.2647058823529412,-2.514705882352941,-1.0735294117647058,-36.5,-437.0,0.29411764705882354,-1.8088235294117647,-2.1176470588235294,-72.0,-732.0,0.38235294117647056,-2.8529411764705883
Mark 49,VELVETFRUIT_EXTRACT,sell,2,37,400,10.81081081081081,11.0,1.4054054054054055,-0.6216216216216216,0.02702702702702703,0.0,-1.135135135135135,-42.0,-479.0,0.16216216216216217,-1.7567567567567568,-1.135135135135135,-42.0,-479.0,0.16216216216216217,-1.7567567567567568,-1.162162162162162,-43.0,-489.5,0.08108108108108109,-1.7837837837837838,-0.9594594594594594,-35.5,-387.5,0.16216216216216217,-1.5810810810810811,-1.162162162162162,-43.0,-460.5,0.35135135135135137,-1.7837837837837838,-0.9459459459459459,-35.0,-433.5,0.3783783783783784,-1.5675675675675675,-1.5405405405405406,-57.0,-690.5,0.5135135135135135,-2.1621621621621623
Mark 49,VELVETFRUIT_EXTRACT,sell,3,34,329,9.676470588235293,9.0,1.2647058823529411,-0.6617647058823529,0.0,0.0,-1.411764705882353,-48.0,-493.0,0.058823529411764705,-2.073529411764706,-1.411764705882353,-48.0,-493.0,0.058823529411764705,-2.073529411764706,-1.4411764705882353,-49.0,-479.5,0.29411764705882354,-2.1029411764705883,-1.2205882352941178,-41.5,-430.0,0.38235294117647056,-1.8823529411764706,-1.5,-51.0,-518.5,0.3235294117647059,-2.161764705882353,-1.3676470588235294,-46.5,-374.5,0.38235294117647056,-2.0294117647058822,-0.2647058823529412,-9.0,8.0,0.4411764705882353,-0.9264705882352942
Mark 55,VELVETFRUIT_EXTRACT,buy,1,186,1011,5.435483870967742,5.0,4.967741935483871,2.4838709677419355,1.0,0.0,-2.618279569892473,-487.0,-2665.5,0.026881720430107527,-0.13440860215053763,-2.618279569892473,-487.0,-2665.5,0.026881720430107527,-0.13440860215053763,-2.4946236559139785,-464.0,-2561.5,0.06451612903225806,-0.010752688172043012,-2.4086021505376345,-448.0,-2461.0,0.14516129032258066,0.07526881720430108,-2.5161290322580645,-468.0,-2635.5,0.22043010752688172,-0.03225806451612903,-1.9166666666666667,-356.5,-2024.0,0.3333333333333333,0.5672043010752689,-2.1048387096774195,-391.5,-1953.5,0.3817204301075269,0.3790322580645161
Mark 55,VELVETFRUIT_EXTRACT,buy,2,218,1190,5.458715596330276,5.0,5.018348623853211,2.5091743119266057,1.0,0.0,-2.438073394495413,-531.5,-2946.5,0.022935779816513763,0.07110091743119266,-2.438073394495413,-531.5,-2946.5,0.022935779816513763,0.07110091743119266,-2.415137614678899,-526.5,-2887.0,0.07339449541284404,0.09403669724770643,-2.286697247706422,-498.5,-2728.5,0.14220183486238533,0.22247706422018348,-2.481651376146789,-541.0,-2904.5,0.19724770642201836,0.027522935779816515,-2.1674311926605503,-472.5,-2519.0,0.24770642201834864,0.34174311926605505,-2.142857142857143,-465.0,-2355.0,0.3623853211009174,0.3663594470046083
Mark 55,VELVETFRUIT_EXTRACT,buy,3,194,1053,5.427835051546392,5.0,4.979381443298969,2.4896907216494846,1.0,0.0,-2.4097938144329896,-467.5,-2505.5,0.041237113402061855,0.07989690721649484,-2.4097938144329896,-467.5,-2505.5,0.041237113402061855,0.07989690721649484,-2.3221649484536084,-450.5,-2421.5,0.05154639175257732,0.16752577319587628,-2.198453608247423,-426.5,-2272.0,0.12886597938144329,0.2912371134020619,-2.4510309278350517,-475.5,-2471.0,0.19072164948453607,0.03865979381443299,-2.1572164948453607,-418.5,-2071.5,0.30927835051546393,0.3324742268041237,-2.0725388601036268,-400.0,-1859.0,0.3917525773195876,0.4170984455958549
Mark 55,VELVETFRUIT_EXTRACT,sell,1,198,1098,5.545454545454546,6.0,4.893939393939394,2.446969696969697,1.0,0.0,-2.5454545454545454,-504.0,-2766.0,0.03535353535353535,-0.09848484848484848,-2.5454545454545454,-504.0,-2766.0,0.03535353535353535,-0.09848484848484848,-2.654040404040404,-525.5,-2942.0,0.025252525252525252,-0.20707070707070707,-2.7373737373737375,-542.0,-3036.5,0.10606060606060606,-0.2904040404040404,-2.6313131313131315,-521.0,-2899.0,0.16666666666666666,-0.18434343434343434,-2.6515151515151514,-525.0,-2939.0,0.26262626262626265,-0.20454545454545456,-2.3585858585858586,-467.0,-2679.5,0.3686868686868687,0.08838383838383838
Mark 55,VELVETFRUIT_EXTRACT,sell,2,193,1099,5.694300518134715,6.0,4.901554404145077,2.4507772020725387,1.0,0.0,-2.2176165803108807,-428.0,-2425.0,0.02072538860103627,0.23316062176165803,-2.2176165803108807,-428.0,-2425.0,0.02072538860103627,0.23316062176165803,-2.145077720207254,-414.0,-2333.5,0.07772020725388601,0.30569948186528495,-2.1865284974093266,-422.0,-2406.0,0.12953367875647667,0.26424870466321243,-1.8704663212435233,-361.0,-2001.5,0.26424870466321243,0.5803108808290155,-1.9093264248704662,-368.5,-2098.0,0.2694300518134715,0.5414507772020726,-1.6596858638743455,-317.0,-1952.0,0.40932642487046633,0.7905759162303665
Mark 55,VELVETFRUIT_EXTRACT,sell,3,209,1100,5.2631578947368425,5.0,5.009569377990431,2.5047846889952154,1.0,0.0,-2.5239234449760763,-527.5,-2774.0,0.009569377990430622,-0.019138755980861243,-2.5239234449760763,-527.5,-2774.0,0.009569377990430622,-0.019138755980861243,-2.5669856459330145,-536.5,-2811.5,0.03827751196172249,-0.06220095693779904,-2.6220095693779903,-548.0,-2893.5,0.09569377990430622,-0.11722488038277512,-2.748803827751196,-574.5,-2955.0,0.1674641148325359,-0.24401913875598086,-2.507177033492823,-524.0,-2678.5,0.291866028708134,-0.0023923444976076554,-2.1826923076923075,-454.0,-2389.5,0.3397129186602871,0.32211538461538464
Mark 67,VELVETFRUIT_EXTRACT,buy,1,58,519,8.948275862068966,8.5,1.6724137931034482,0.8362068965517241,1.0,0.0,1.1551724137931034,67.0,639.5,0.8793103448275862,1.9913793103448276,1.1551724137931034,67.0,639.5,0.8793103448275862,1.9913793103448276,1.0344827586206897,60.0,588.5,0.8103448275862069,1.8706896551724137,1.3620689655172413,79.0,754.0,0.7931034482758621,2.1982758620689653,1.6896551724137931,98.0,936.0,0.6896551724137931,2.5258620689655173,1.1982758620689655,69.5,654.0,0.6379310344827587,2.0344827586206895,2.1120689655172415,122.5,1144.5,0.603448275862069,2.9482758620689653
Mark 67,VELVETFRUIT_EXTRACT,buy,2,61,567,9.295081967213115,9.0,1.6229508196721312,0.8114754098360656,1.0,0.0,1.0491803278688525,64.0,627.5,0.8360655737704918,1.860655737704918,1.0491803278688525,64.0,627.5,0.8360655737704918,1.860655737704918,1.1967213114754098,73.0,691.0,0.9016393442622951,2.0081967213114753,0.9426229508196722,57.5,545.0,0.6721311475409836,1.7540983606557377,1.0901639344262295,66.5,624.5,0.6229508196721312,1.901639344262295,0.639344262295082,39.0,445.5,0.5245901639344263,1.4508196721311475,0.8114754098360656,49.5,619.0,0.45901639344262296,1.6229508196721312
Mark 67,VELVETFRUIT_EXTRACT,buy,3,46,424,9.217391304347826,9.0,1.5869565217391304,0.7282608695652174,0.9782608695652174,0.0,1.358695652173913,62.5,600.5,0.8478260869565217,2.0869565217391304,1.358695652173913,62.5,600.5,0.8478260869565217,2.0869565217391304,1.2282608695652173,56.5,540.5,0.6956521739130435,1.9565217391304348,1.1521739130434783,53.0,496.5,0.6739130434782609,1.8804347826086956,1.608695652173913,74.0,615.5,0.6956521739130435,2.3369565217391304,1.4021739130434783,64.5,451.5,0.5652173913043478,2.130434782608696,0.2826086956521739,13.0,-17.5,0.5434782608695652,1.0108695652173914
