product,kind,window,threshold,horizon,day,pnl,trades,wins,win_pct,avg_round_trip_pnl,entry_z_abs
PEBBLES_XS,product_rolling,1000,3.0,500,2,9650.0,7,5,0.7142857142857143,36727.142857142855,
PEBBLES_XS,product_rolling,1000,3.0,500,3,9490.0,8,5,0.625,19437.5,
PEBBLES_XS,product_rolling,1000,3.0,500,4,12280.0,6,4,0.6666666666666666,20131.666666666668,
PEBBLES_XS,group_equal,1000,3.0,500,2,9650.0,7,5,0.7142857142857143,36727.142857142855,
PEBBLES_XS,group_equal,1000,3.0,500,3,9440.0,8,5,0.625,19431.25,
PEBBLES_XS,group_equal,1000,3.0,500,4,12280.0,6,4,0.6666666666666666,20131.666666666668,
PEBBLES_XL,product_rolling,500,3.0,200,2,16780.0,9,5,0.5555555555555556,14837.777777777777,
PEBBLES_XL,product_rolling,500,3.0,200,3,11670.0,10,5,0.5,-5077.0,
PEBBLES_XL,product_rolling,500,3.0,200,4,8190.0,11,4,0.36363636363636365,-39013.63636363636,
PEBBLES_XL,group_equal,500,3.0,200,2,16780.0,9,5,0.5555555555555556,14837.777777777777,
PEBBLES_XL,group_equal,500,3.0,200,3,11670.0,10,5,0.5,-5077.0,
PEBBLES_XL,group_equal,500,3.0,200,4,8190.0,11,4,0.36363636363636365,-39013.63636363636,
PEBBLES_XL,group_vol,500,3.0,200,2,16780.0,9,5,0.5555555555555556,14837.777777777777,
PEBBLES_XL,group_vol,500,3.0,200,3,11670.0,10,5,0.5,-5077.0,
PEBBLES_XL,group_vol,500,3.0,200,4,7380.0,11,4,0.36363636363636365,-39013.63636363636,
PEBBLES_XL,group_equal,200,2.5,500,2,19620.0,47,24,0.5106382978723404,397.8723404255319,
PEBBLES_XL,group_equal,200,2.5,500,3,38640.0,37,24,0.6486486486486487,38965.13513513513,2.5241279226587303
PEBBLES_XL,group_equal,200,2.5,500,4,68410.0,49,21,0.42857142857142855,-20712.85714285714,
PEBBLES_XL,product_rolling,200,2.5,500,2,19620.0,47,24,0.5106382978723404,397.8723404255319,
PEBBLES_XL,product_rolling,200,2.5,500,3,38640.0,37,24,0.6486486486486487,38965.13513513513,2.5210953511135217
PEBBLES_XL,product_rolling,200,2.5,500,4,68520.0,49,21,0.42857142857142855,-20710.61224489796,
PEBBLES_XL,group_vol,200,2.5,500,2,19620.0,47,24,0.5106382978723404,397.8723404255319,
PEBBLES_XL,group_vol,200,2.5,500,3,38640.0,37,24,0.6486486486486487,38965.13513513513,2.523278343305123
PEBBLES_XL,group_vol,200,2.5,500,4,65830.0,48,20,0.4166666666666667,-24398.541666666668,
PANEL_2X4,group_equal,1000,3.0,500,2,3731.0,4,2,0.5,46.5,
PANEL_2X4,group_equal,1000,3.0,500,3,1399.0,3,1,0.3333333333333333,-37140.333333333336,
PANEL_2X4,group_equal,1000,3.0,500,4,4216.0,6,1,0.16666666666666666,-82397.33333333333,
PANEL_2X4,group_vol,1000,3.0,500,2,3851.0,4,2,0.5,76.5,
PANEL_2X4,group_vol,1000,3.0,500,3,909.0,3,1,0.3333333333333333,-37330.333333333336,
PANEL_2X4,group_vol,1000,3.0,500,4,3052.0,5,1,0.2,-74716.2,
MICROCHIP_TRIANGLE,group_vol,1000,2.5,500,2,4372.0,7,2,0.2857142857142857,-44468.28571428572,
MICROCHIP_TRIANGLE,group_vol,1000,2.5,500,3,5568.0,10,5,0.5,-1837.7,
MICROCHIP_TRIANGLE,group_vol,1000,2.5,500,4,12311.0,9,4,0.4444444444444444,-10421.222222222223,
MICROCHIP_TRIANGLE,group_vol,1000,1.5,500,2,18262.0,25,8,0.32,-37564.0,2.1167350414179342
MICROCHIP_TRIANGLE,group_vol,1000,1.5,500,3,-12916.0,17,10,0.5882352941176471,15731.35294117647,1.507627370733327
MICROCHIP_TRIANGLE,group_vol,1000,1.5,500,4,18838.0,25,17,0.68,29965.56,
MICROCHIP_TRIANGLE,product_rolling,1000,2.0,500,2,9634.0,17,8,0.47058823529411764,-7613.35294117647,2.0280325267067596
MICROCHIP_TRIANGLE,product_rolling,1000,2.0,500,3,1994.0,13,6,0.46153846153846156,-9707.538461538461,
MICROCHIP_TRIANGLE,product_rolling,1000,2.0,500,4,18585.0,19,12,0.631578947368421,21671.21052631579,
MICROCHIP_TRIANGLE,group_equal,1000,2.5,500,2,4065.0,7,2,0.2857142857142857,-44456.28571428572,
MICROCHIP_TRIANGLE,group_equal,1000,2.5,500,3,16414.0,12,7,0.5833333333333334,15753.083333333334,
MICROCHIP_TRIANGLE,group_equal,1000,2.5,500,4,4105.0,9,4,0.4444444444444444,-10567.777777777777,
PEBBLES_XL,group_vol,500,3.0,100,2,6340.0,9,5,0.5555555555555556,13677.777777777777,
PEBBLES_XL,group_vol,500,3.0,100,3,5150.0,10,5,0.5,-5729.0,
PEBBLES_XL,group_vol,500,3.0,100,4,7220.0,12,4,0.3333333333333333,-48220.0,
ROBOT_DISHES,product_rolling,1000,3.0,500,2,2438.0,6,3,0.5,-884.6666666666666,
ROBOT_DISHES,product_rolling,1000,3.0,500,3,-3394.0,5,3,0.6,18515.2,3.0005838636343953
ROBOT_DISHES,product_rolling,1000,3.0,500,4,2560.0,6,2,0.3333333333333333,-36469.833333333336,3.734394206186137
MICROCHIP_TRIANGLE,product_rolling,1000,1.0,500,2,-374.0,25,12,0.48,-5388.04,1.9783642264438193
MICROCHIP_TRIANGLE,product_rolling,1000,1.0,500,3,-7655.0,28,17,0.6071428571428571,20136.285714285714,1.5291568034484706
MICROCHIP_TRIANGLE,product_rolling,1000,1.0,500,4,20748.0,38,23,0.6052631578947368,17259.947368421053,1.013291620559632
MICROCHIP_TRIANGLE,product_rolling,1000,1.5,500,2,3208.0,20,9,0.45,-11610.0,1.9824879689260526
MICROCHIP_TRIANGLE,product_rolling,1000,1.5,500,3,-1782.0,19,11,0.5789473684210527,14356.736842105263,1.5032605208957959
MICROCHIP_TRIANGLE,product_rolling,1000,1.5,500,4,21161.0,26,17,0.6538461538461539,25422.23076923077,
PEBBLES_XL,product_rolling,500,3.0,100,2,6340.0,9,5,0.5555555555555556,13677.777777777777,
PEBBLES_XL,product_rolling,500,3.0,100,3,5150.0,10,5,0.5,-5729.0,
PEBBLES_XL,product_rolling,500,3.0,100,4,8030.0,12,4,0.3333333333333333,-48220.0,
PEBBLES_XL,group_equal,500,3.0,100,2,6340.0,9,5,0.5555555555555556,13677.777777777777,
PEBBLES_XL,group_equal,500,3.0,100,3,5150.0,10,5,0.5,-5729.0,
PEBBLES_XL,group_equal,500,3.0,100,4,8030.0,12,4,0.3333333333333333,-48220.0,
MICROCHIP_TRIANGLE,group_equal,1000,1.5,500,2,14586.0,24,10,0.4166666666666667,-18034.166666666668,2.1077683674660808
MICROCHIP_TRIANGLE,group_equal,1000,1.5,500,3,-9679.0,18,10,0.5555555555555556,9309.722222222223,1.5238294482361505
MICROCHIP_TRIANGLE,group_equal,1000,1.5,500,4,19358.0,26,16,0.6153846153846154,18704.76923076923,
MICROCHIP_OVAL,group_vol,1000,2.5,500,2,8027.0,12,6,0.5,-485.75,
MICROCHIP_OVAL,group_vol,1000,2.5,500,3,-143.0,10,7,0.7,31976.1,
MICROCHIP_OVAL,group_vol,1000,2.5,500,4,-330.0,8,8,1.0,60086.75,
PEBBLES_XL,product_rolling,500,2.5,200,2,16900.0,18,9,0.5,-2233.8888888888887,
PEBBLES_XL,product_rolling,500,2.5,200,3,32384.0,19,11,0.5789473684210527,18465.78947368421,
PEBBLES_XL,product_rolling,500,2.5,200,4,12205.0,21,8,0.38095238095238093,-38108.09523809524,
PEBBLES_XL,group_equal,500,2.5,200,2,16900.0,18,9,0.5,-2233.8888888888887,
PEBBLES_XL,group_equal,500,2.5,200,3,32384.0,19,11,0.5789473684210527,18465.78947368421,
PEBBLES_XL,group_equal,500,2.5,200,4,12205.0,21,8,0.38095238095238093,-38108.09523809524,
PEBBLES_XL,group_vol,500,2.5,200,2,17570.0,18,9,0.5,-2166.1111111111113,
PEBBLES_XL,group_vol,500,2.5,200,3,32384.0,19,11,0.5789473684210527,18465.78947368421,
PEBBLES_XL,group_vol,500,2.5,200,4,12205.0,21,8,0.38095238095238093,-38108.09523809524,
PEBBLES_XL,product_rolling,500,3.0,500,2,6860.0,9,5,0.5555555555555556,13735.555555555555,
PEBBLES_XL,product_rolling,500,3.0,500,3,21570.0,10,5,0.5,-4087.0,
PEBBLES_XL,product_rolling,500,3.0,500,4,6410.0,11,4,0.36363636363636365,-39175.454545454544,
PEBBLES_XL,group_equal,500,3.0,500,2,6860.0,9,5,0.5555555555555556,13735.555555555555,
PEBBLES_XL,group_equal,500,3.0,500,3,21570.0,10,5,0.5,-4087.0,
PEBBLES_XL,group_equal,500,3.0,500,4,6410.0,11,4,0.36363636363636365,-39175.454545454544,
MICROCHIP_TRIANGLE,group_equal,1000,1.0,500,2,17084.0,36,16,0.4444444444444444,-12065.25,2.156106802762355
MICROCHIP_TRIANGLE,group_equal,1000,1.0,500,3,-12443.0,22,12,0.5454545454545454,7283.681818181818,1.40426386356266
MICROCHIP_TRIANGLE,group_equal,1000,1.0,500,4,19290.0,40,27,0.675,29193.8,1.0525174465042368
MICROCHIP_TRIANGLE,group_vol,1000,1.0,500,2,22418.0,38,15,0.39473684210526316,-22402.684210526317,2.174975794920272
MICROCHIP_TRIANGLE,group_vol,1000,1.0,500,3,-6604.0,25,13,0.52,2334.4,1.2482852372087239
MICROCHIP_TRIANGLE,group_vol,1000,1.0,500,4,21734.0,38,27,0.7105263157894737,35466.84210526316,1.0666555226145211
PEBBLES_XS,group_equal,1000,2.5,500,2,13360.0,12,9,0.75,44570.833333333336,
PEBBLES_XS,group_equal,1000,2.5,500,3,-500.0,11,6,0.5454545454545454,5700.909090909091,2.5138731576890074
PEBBLES_XS,group_equal,1000,2.5,500,4,8410.0,11,7,0.6363636363636364,15424.545454545454,
PEBBLES_XS,product_rolling,1000,2.5,500,2,13378.0,12,9,0.75,44570.833333333336,
PEBBLES_XS,product_rolling,1000,2.5,500,3,-550.0,11,6,0.5454545454545454,5705.454545454545,2.513641244860248
PEBBLES_XS,product_rolling,1000,2.5,500,4,8460.0,11,7,0.6363636363636364,15429.09090909091,
MICROCHIP_TRIANGLE,group_vol,1000,2.0,500,2,15390.0,15,5,0.3333333333333333,-34783.86666666667,
MICROCHIP_TRIANGLE,group_vol,1000,2.0,500,3,4379.0,14,8,0.5714285714285714,13435.07142857143,
MICROCHIP_TRIANGLE,group_vol,1000,2.0,500,4,20045.0,18,12,0.6666666666666666,27918.277777777777,
PEBBLES_XL,group_vol,500,3.0,500,2,6860.0,9,5,0.5555555555555556,13735.555555555555,
PEBBLES_XL,group_vol,500,3.0,500,3,21570.0,10,5,0.5,-4087.0,
PEBBLES_XL,group_vol,500,3.0,500,4,5600.0,11,4,0.36363636363636365,-39175.454545454544,
MICROCHIP_TRIANGLE,group_regression_open500,500,2.5,500,2,1742.0,16,6,0.375,-27115.625,2.579398234612574
MICROCHIP_TRIANGLE,group_regression_open500,500,2.5,500,3,-10522.0,15,8,0.5333333333333333,6011.2,
MICROCHIP_TRIANGLE,group_regression_open500,500,2.5,500,4,7980.0,15,9,0.6,16510.933333333334,2.512814340613322
PEBBLES_XL,product_rolling,500,2.5,100,2,4260.0,21,11,0.5238095238095238,2552.3809523809523,
PEBBLES_XL,product_rolling,500,2.5,100,3,15014.0,23,13,0.5652173913043478,13673.478260869566,
PEBBLES_XL,product_rolling,500,2.5,100,4,10345.0,25,9,0.36,-42699.2,
PEBBLES_XL,group_equal,500,2.5,100,2,4260.0,21,11,0.5238095238095238,2552.3809523809523,
PEBBLES_XL,group_equal,500,2.5,100,3,15014.0,23,13,0.5652173913043478,13673.478260869566,
PEBBLES_XL,group_equal,500,2.5,100,4,10345.0,25,9,0.36,-42699.2,
PEBBLES_XL,group_vol,500,2.5,100,2,5360.0,21,11,0.5238095238095238,2610.9523809523807,
PEBBLES_XL,group_vol,500,2.5,100,3,15014.0,23,13,0.5652173913043478,13673.478260869566,
PEBBLES_XL,group_vol,500,2.5,100,4,10345.0,25,9,0.36,-42699.2,
PEBBLES_L,group_vol,1000,3.0,500,2,-2820.0,3,1,0.3333333333333333,-38663.333333333336,
PEBBLES_L,group_vol,1000,3.0,500,3,-3100.0,6,4,0.6666666666666666,30773.333333333332,
PEBBLES_L,group_vol,1000,3.0,500,4,-550.0,5,4,0.8,61550.0,
MICROCHIP_TRIANGLE,group_equal,1000,2.0,500,2,12095.0,14,5,0.35714285714285715,-30066.0,
MICROCHIP_TRIANGLE,group_equal,1000,2.0,500,3,4853.0,14,8,0.5714285714285714,13596.5,
MICROCHIP_TRIANGLE,group_equal,1000,2.0,500,4,13259.0,17,10,0.5882352941176471,13930.0,
GALAXY_SOUNDS_SOLAR_WINDS,product_rolling,1000,3.0,200,2,-3060.0,6,3,0.5,-2186.6666666666665,
GALAXY_SOUNDS_SOLAR_WINDS,product_rolling,1000,3.0,200,3,2310.0,4,1,0.25,-52240.0,
GALAXY_SOUNDS_SOLAR_WINDS,product_rolling,1000,3.0,200,4,-1790.0,3,2,0.6666666666666666,33466.666666666664,3.0054947574027926
PEBBLES_L,group_vol,1000,2.5,500,2,-2878.0,7,3,0.42857142857142855,-18655.428571428572,
PEBBLES_L,group_vol,1000,2.5,500,3,-4470.0,10,5,0.5,-2448.0,
PEBBLES_L,group_vol,1000,2.5,500,4,6520.0,13,8,0.6153846153846154,22561.53846153846,
MICROCHIP_SQUARE,group_equal,500,3.0,100,2,1875.0,12,2,0.16666666666666666,-73692.25,
MICROCHIP_SQUARE,group_equal,500,3.0,100,3,403.0,8,1,0.125,-108180.25,
MICROCHIP_SQUARE,group_equal,500,3.0,100,4,15522.0,15,8,0.5333333333333333,7922.866666666667,
MICROCHIP_TRIANGLE,product_rolling,500,2.0,500,2,-15492.0,23,10,0.43478260869565216,-14663.826086956522,2.245284665100814
MICROCHIP_TRIANGLE,product_rolling,500,2.0,500,3,-17038.0,24,16,0.6666666666666666,32536.916666666668,2.008090787732536
MICROCHIP_TRIANGLE,product_rolling,500,2.0,500,4,13478.0,29,15,0.5172413793103449,2071.206896551724,
MICROCHIP_TRIANGLE,group_vol,500,1.0,500,2,-2709.0,48,22,0.4583333333333333,-8875.604166666666,
MICROCHIP_TRIANGLE,group_vol,500,1.0,500,3,-18784.0,40,24,0.6,19251.6,1.9380506068966143
MICROCHIP_TRIANGLE,group_vol,500,1.0,500,4,14814.0,57,31,0.543859649122807,6790.333333333333,1.14468162897874
MICROCHIP_TRIANGLE,group_regression_open500,500,2.0,500,2,-6178.0,25,9,0.36,-29644.16,2.221833058489195
MICROCHIP_TRIANGLE,group_regression_open500,500,2.0,500,3,-11373.0,22,10,0.45454545454545453,-10244.863636363636,
MICROCHIP_TRIANGLE,group_regression_open500,500,2.0,500,4,11643.0,21,12,0.5714285714285714,11508.761904761905,2.233727355702149
PEBBLES_XL,product_rolling,200,1.5,500,2,-12425.0,72,34,0.4722222222222222,-7601.111111111111,
PEBBLES_XL,product_rolling,200,1.5,500,3,62070.0,86,42,0.4883720930232558,-3495.8953488372094,1.5488874925014626
PEBBLES_XL,product_rolling,200,1.5,500,4,68133.0,101,43,0.42574257425742573,-22077.821782178216,1.8290784497199217
PEBBLES_XL,group_equal,200,1.5,500,2,-12425.0,72,34,0.4722222222222222,-7601.111111111111,
PEBBLES_XL,group_equal,200,1.5,500,3,62070.0,86,42,0.4883720930232558,-3495.8953488372094,1.5500136532524342
PEBBLES_XL,group_equal,200,1.5,500,4,66430.0,100,43,0.43,-20914.8,1.8297135672317075
MICROCHIP_TRIANGLE,group_regression_open500,1000,3.0,500,2,5956.0,6,4,0.6666666666666666,32589.333333333332,3.0101316644298275
MICROCHIP_TRIANGLE,group_regression_open500,1000,3.0,500,3,-13240.0,5,2,0.4,-22275.6,
MICROCHIP_TRIANGLE,group_regression_open500,1000,3.0,500,4,5062.0,5,3,0.6,15438.2,3.0005626390869806
PEBBLES_XL,group_vol,200,1.5,500,2,-12525.0,72,34,0.4722222222222222,-7601.111111111111,
PEBBLES_XL,group_vol,200,1.5,500,3,60070.0,85,41,0.4823529411764706,-5157.376470588235,1.5494230313819737
PEBBLES_XL,group_vol,200,1.5,500,4,66470.0,100,43,0.43,-21090.4,1.8275991774661045
PEBBLES_S,group_vol,1000,2.0,500,2,1240.0,11,6,0.5454545454545454,7047.272727272727,2.1346147045708586
PEBBLES_S,group_vol,1000,2.0,500,3,10975.0,17,10,0.5882352941176471,15282.058823529413,
PEBBLES_S,group_vol,1000,2.0,500,4,-1844.0,12,7,0.5833333333333334,11438.0,
GALAXY_SOUNDS_DARK_MATTER,group_regression_open500,1000,2.5,500,2,9550.0,10,5,0.5,-391.0,
GALAXY_SOUNDS_DARK_MATTER,group_regression_open500,1000,2.5,500,3,7230.0,10,6,0.6,20577.0,2.5731830233978243
GALAXY_SOUNDS_DARK_MATTER,group_regression_open500,1000,2.5,500,4,340.0,9,5,0.5555555555555556,9776.666666666666,2.6135316548684404
MICROCHIP_TRIANGLE,group_vol,1000,3.0,500,2,3708.0,5,1,0.2,-61902.6,
MICROCHIP_TRIANGLE,group_vol,1000,3.0,500,3,1044.0,4,2,0.5,-2393.5,
MICROCHIP_TRIANGLE,group_vol,1000,3.0,500,4,6986.0,5,2,0.4,-19586.6,
TRANSLATOR_ECLIPSE_CHARCOAL,group_equal,500,3.0,500,2,-2507.0,9,4,0.4444444444444444,-10195.333333333334,
TRANSLATOR_ECLIPSE_CHARCOAL,group_equal,500,3.0,500,3,2879.0,9,6,0.6666666666666666,31591.777777777777,
TRANSLATOR_ECLIPSE_CHARCOAL,group_equal,500,3.0,500,4,6257.0,11,6,0.5454545454545454,8587.09090909091,
TRANSLATOR_ECLIPSE_CHARCOAL,group_vol,500,3.0,500,2,-2507.0,9,4,0.4444444444444444,-10195.333333333334,
TRANSLATOR_ECLIPSE_CHARCOAL,group_vol,500,3.0,500,3,-43.0,10,6,0.6,18399.6,
TRANSLATOR_ECLIPSE_CHARCOAL,group_vol,500,3.0,500,4,5764.0,11,6,0.5454545454545454,8561.90909090909,
PEBBLES_XL,product_rolling,100,3.0,200,2,6480.0,41,17,0.4146341463414634,-20304.878048780487,
PEBBLES_XL,product_rolling,100,3.0,200,3,21415.0,40,20,0.5,-546.75,
PEBBLES_XL,product_rolling,100,3.0,200,4,19600.0,36,12,0.3333333333333333,-53079.444444444445,
PEBBLES_S,group_vol,500,2.0,500,2,-13750.0,22,9,0.4090909090909091,-18469.090909090908,2.5066332761091257
PEBBLES_S,group_vol,500,2.0,500,3,22874.0,34,16,0.47058823529411764,-5786.176470588235,2.026613333521881
PEBBLES_S,group_vol,500,2.0,500,4,6484.0,24,13,0.5416666666666666,7002.666666666667,
MICROCHIP_TRIANGLE,group_equal,500,1.0,500,2,-3176.0,50,23,0.46,-8653.4,
MICROCHIP_TRIANGLE,group_equal,500,1.0,500,3,-24600.0,37,22,0.5945945945945946,17802.243243243243,1.8820903088577776
MICROCHIP_TRIANGLE,group_equal,500,1.0,500,4,11413.0,52,30,0.5769230769230769,12770.538461538461,
PEBBLES_L,product_rolling,500,2.5,500,2,-680.0,15,8,0.5333333333333333,4806.0,
PEBBLES_L,product_rolling,500,2.5,500,3,9086.0,20,10,0.5,-1596.7,
PEBBLES_L,product_rolling,500,2.5,500,4,7020.0,20,11,0.55,8757.5,
MICROCHIP_SQUARE,group_vol,500,3.0,100,2,2844.0,12,2,0.16666666666666666,-73733.33333333333,
MICROCHIP_SQUARE,group_vol,500,3.0,100,3,-647.0,7,1,0.14285714285714285,-104177.57142857143,
MICROCHIP_SQUARE,group_vol,500,3.0,100,4,18638.0,15,8,0.5333333333333333,8046.0,
MICROCHIP_TRIANGLE,product_rolling,500,2.5,500,2,-2818.0,18,6,0.3333333333333333,-35600.77777777778,2.5006478840936173
MICROCHIP_TRIANGLE,product_rolling,500,2.5,500,3,-6474.0,15,10,0.6666666666666666,32404.4,2.740979032397045
MICROCHIP_TRIANGLE,product_rolling,500,2.5,500,4,10845.0,20,11,0.55,7418.1,
TRANSLATOR_ECLIPSE_CHARCOAL,group_regression_open500,500,3.0,500,2,5394.0,7,5,0.7142857142857143,42430.0,3.0322777346728778
TRANSLATOR_ECLIPSE_CHARCOAL,group_regression_open500,500,3.0,500,3,-3225.0,7,4,0.5714285714285714,12025.142857142857,
TRANSLATOR_ECLIPSE_CHARCOAL,group_regression_open500,500,3.0,500,4,3075.0,9,4,0.4444444444444444,-10432.777777777777,3.100318778573447
MICROCHIP_TRIANGLE,group_vol,500,1.5,500,2,560.0,35,14,0.4,-20844.342857142856,
MICROCHIP_TRIANGLE,group_vol,500,1.5,500,3,-17891.0,29,16,0.5517241379310345,8866.51724137931,1.5470630043065627
MICROCHIP_TRIANGLE,group_vol,500,1.5,500,4,12764.0,36,18,0.5,-967.4166666666666,
MICROCHIP_RECTANGLE,group_equal,500,3.0,500,2,9499.0,9,3,0.3333333333333333,-33001.11111111111,
MICROCHIP_RECTANGLE,group_equal,500,3.0,500,3,5835.0,11,6,0.5454545454545454,10418.727272727272,
MICROCHIP_RECTANGLE,group_equal,500,3.0,500,4,-9015.0,10,4,0.4,-18851.2,3.0793441652955575
SLEEP_POD_POLYESTER,group_regression_open500,500,3.0,200,2,3282.0,12,4,0.3333333333333333,-37135.916666666664,
SLEEP_POD_POLYESTER,group_regression_open500,500,3.0,200,3,1870.0,9,4,0.4444444444444444,-13791.888888888889,3.0631738284379146
SLEEP_POD_POLYESTER,group_regression_open500,500,3.0,200,4,2502.0,7,3,0.42857142857142855,-17996.428571428572,
PANEL_2X2,group_vol,1000,3.0,500,2,7744.0,4,0,0.0,-98005.75,
PANEL_2X2,group_vol,1000,3.0,500,3,5770.0,7,3,0.42857142857142855,-17353.0,3.3009154503490272
PANEL_2X2,group_vol,1000,3.0,500,4,2046.0,5,2,0.4,-18886.2,
TRANSLATOR_ECLIPSE_CHARCOAL,group_regression_open500,1000,3.0,200,2,3062.0,5,3,0.6,16865.6,
TRANSLATOR_ECLIPSE_CHARCOAL,group_regression_open500,1000,3.0,200,3,2285.0,5,3,0.6,19115.2,
TRANSLATOR_ECLIPSE_CHARCOAL,group_regression_open500,1000,3.0,200,4,405.0,4,3,0.75,48621.75,
PEBBLES_XL,product_rolling,200,2.0,500,2,-11315.0,55,28,0.509090909090909,156.72727272727272,
PEBBLES_XL,product_rolling,200,2.0,500,3,52426.0,61,31,0.5081967213114754,1632.622950819672,2.0821906207679115
PEBBLES_XL,product_rolling,200,2.0,500,4,57340.0,70,27,0.38571428571428573,-34987.142857142855,2.1247769297513974
MICROCHIP_SQUARE,group_regression_open500,1000,2.5,100,2,1451.0,18,8,0.4444444444444444,-15381.0,2.505395454973929
MICROCHIP_SQUARE,group_regression_open500,1000,2.5,100,3,13728.0,15,6,0.4,-30771.2,
MICROCHIP_SQUARE,group_regression_open500,1000,2.5,100,4,7719.0,18,11,0.6111111111111112,28184.555555555555,
PANEL_2X2,group_equal,1000,3.0,500,2,7550.0,4,0,0.0,-98054.25,
PANEL_2X2,group_equal,1000,3.0,500,3,5963.0,7,3,0.42857142857142855,-17352.85714285714,3.240342057615997
PANEL_2X2,group_equal,1000,3.0,500,4,2906.0,6,2,0.3333333333333333,-30305.5,
SLEEP_POD_LAMB_WOOL,group_vol,500,3.0,500,2,-6889.0,10,3,0.3,-44426.3,
SLEEP_POD_LAMB_WOOL,group_vol,500,3.0,500,3,2250.0,9,6,0.6666666666666666,32665.333333333332,
SLEEP_POD_LAMB_WOOL,group_vol,500,3.0,500,4,7600.0,13,5,0.38461538461538464,-26878.53846153846,
PANEL_2X4,group_equal,1000,2.5,500,2,42.0,5,2,0.4,-21422.6,
PANEL_2X4,group_equal,1000,2.5,500,3,3419.0,8,2,0.25,-54055.375,
PANEL_2X4,group_equal,1000,2.5,500,4,-7720.0,10,3,0.3,-50235.6,
MICROCHIP_TRIANGLE,product_rolling,500,1.0,500,2,-14493.0,42,13,0.30952380952380953,-40020.380952380954,1.936010068534846
MICROCHIP_TRIANGLE,product_rolling,500,1.0,500,3,-23549.0,41,26,0.6341463414634146,26151.219512195123,1.9923182908862171
MICROCHIP_TRIANGLE,product_rolling,500,1.0,500,4,7815.0,51,26,0.5098039215686274,785.3725490196078,
OXYGEN_SHAKE_CHOCOLATE,group_regression_open500,1000,3.0,500,2,5590.0,5,3,0.6,18840.0,
OXYGEN_SHAKE_CHOCOLATE,group_regression_open500,1000,3.0,500,3,-3290.0,8,5,0.625,22685.0,
OXYGEN_SHAKE_CHOCOLATE,group_regression_open500,1000,3.0,500,4,5740.0,5,2,0.4,-25898.0,
MICROCHIP_TRIANGLE,product_rolling,500,1.5,500,2,-13041.0,30,12,0.4,-21647.3,
MICROCHIP_TRIANGLE,product_rolling,500,1.5,500,3,-22252.0,29,19,0.6551724137931034,30235.03448275862,1.9842099099656356
MICROCHIP_TRIANGLE,product_rolling,500,1.5,500,4,10036.0,36,18,0.5,-1148.4722222222222,
PEBBLES_XL,product_rolling,500,2.0,200,2,10314.0,27,12,0.4444444444444444,-15446.296296296296,
PEBBLES_XL,product_rolling,500,2.0,200,3,45065.0,33,20,0.6060606060606061,26156.060606060608,2.0244381387393333
PEBBLES_XL,product_rolling,500,2.0,200,4,16020.0,32,12,0.375,-40200.3125,
SLEEP_POD_LAMB_WOOL,group_equal,500,3.0,500,2,-10738.0,10,3,0.3,-44516.0,
SLEEP_POD_LAMB_WOOL,group_equal,500,3.0,500,3,-1275.0,9,6,0.6666666666666666,33012.444444444445,
SLEEP_POD_LAMB_WOOL,group_equal,500,3.0,500,4,8832.0,15,6,0.4,-23448.866666666665,
SLEEP_POD_NYLON,product_rolling,1000,2.5,500,2,344.0,9,7,0.7777777777777778,53058.0,2.5896424293814384
SLEEP_POD_NYLON,product_rolling,1000,2.5,500,3,2656.0,10,6,0.6,18351.2,2.5341509544474055
SLEEP_POD_NYLON,product_rolling,1000,2.5,500,4,1946.0,9,2,0.2222222222222222,-56796.0,
PEBBLES_L,product_rolling,1000,2.5,500,2,-4902.0,7,3,0.42857142857142855,-18821.714285714286,
PEBBLES_L,product_rolling,1000,2.5,500,3,196.0,10,5,0.5,-2309.4,
PEBBLES_L,product_rolling,1000,2.5,500,4,10600.0,14,9,0.6428571428571429,28876.428571428572,
GALAXY_SOUNDS_DARK_MATTER,group_regression_open500,1000,2.5,200,2,1430.0,12,6,0.5,-1286.6666666666667,
GALAXY_SOUNDS_DARK_MATTER,group_regression_open500,1000,2.5,200,3,3940.0,11,7,0.6363636363636364,27619.090909090908,2.5731830233978243
GALAXY_SOUNDS_DARK_MATTER,group_regression_open500,1000,2.5,200,4,-550.0,11,6,0.5454545454545454,7770.0,
ROBOT_DISHES,product_rolling,1000,2.5,500,2,1038.0,9,4,0.4444444444444444,-11704.666666666666,
ROBOT_DISHES,product_rolling,1000,2.5,500,3,-3912.0,8,3,0.375,-26367.875,2.503893166172001
ROBOT_DISHES,product_rolling,1000,2.5,500,4,2082.0,9,3,0.3333333333333333,-36661.555555555555,2.906752519300347
PEBBLES_XL,product_rolling,1000,3.0,100,2,11726.0,9,4,0.4444444444444444,-10156.0,
PEBBLES_XL,product_rolling,1000,3.0,100,3,5606.0,3,2,0.6666666666666666,40836.666666666664,
PEBBLES_XL,product_rolling,1000,3.0,100,4,-590.0,6,1,0.16666666666666666,-96156.66666666667,
ROBOT_DISHES,group_vol,1000,2.0,500,2,-3221.0,11,5,0.45454545454545453,-9436.181818181818,
ROBOT_DISHES,group_vol,1000,2.0,500,3,712.0,13,6,0.46153846153846156,-8993.846153846154,2.141829508810396
ROBOT_DISHES,group_vol,1000,2.0,500,4,-971.0,12,4,0.3333333333333333,-37141.416666666664,
PEBBLES_XL,product_rolling,200,3.0,100,2,11714.0,25,13,0.52,3316.0,
PEBBLES_XL,product_rolling,200,3.0,100,3,13595.0,16,10,0.625,32278.125,
PEBBLES_XL,product_rolling,200,3.0,100,4,18340.0,18,10,0.5555555555555556,13694.444444444445,
PEBBLES_XL,product_rolling,200,3.0,200,2,16294.0,25,13,0.52,3499.2,
PEBBLES_XL,product_rolling,200,3.0,200,3,15695.0,16,10,0.625,32319.375,
PEBBLES_XL,product_rolling,200,3.0,200,4,30380.0,18,10,0.5555555555555556,14363.333333333334,
PEBBLES_M,product_rolling,1000,3.0,100,2,3500.0,5,4,0.8,57598.0,
PEBBLES_M,product_rolling,1000,3.0,100,3,3768.0,9,3,0.3333333333333333,-37138.0,
PEBBLES_M,product_rolling,1000,3.0,100,4,4490.0,8,6,0.75,52850.0,
PEBBLES_L,product_rolling,500,2.0,500,2,-14100.0,22,12,0.5454545454545454,8237.272727272728,2.064554144736546
PEBBLES_L,product_rolling,500,2.0,500,3,3146.0,25,12,0.48,-4927.36,
PEBBLES_L,product_rolling,500,2.0,500,4,10711.0,32,16,0.5,-930.0,
PANEL_2X4,group_vol,1000,2.5,500,2,2950.0,6,2,0.3333333333333333,-36357.5,
PANEL_2X4,group_vol,1000,2.5,500,3,7497.0,10,3,0.3,-43483.3,
PANEL_2X4,group_vol,1000,2.5,500,4,-8014.0,10,3,0.3,-50251.1,
SLEEP_POD_NYLON,product_rolling,500,3.0,500,2,3853.0,7,5,0.7142857142857143,40467.142857142855,3.0769232311387125
SLEEP_POD_NYLON,product_rolling,500,3.0,500,3,2505.0,4,2,0.5,2146.75,
SLEEP_POD_NYLON,product_rolling,500,3.0,500,4,891.0,8,1,0.125,-77977.75,
ROBOT_LAUNDRY,group_regression_open500,500,2.0,500,2,7016.0,26,12,0.46153846153846156,-8635.384615384615,2.009924052167323
ROBOT_LAUNDRY,group_regression_open500,500,2.0,500,3,2411.0,24,13,0.5416666666666666,8263.875,2.125295679525459
ROBOT_LAUNDRY,group_regression_open500,500,2.0,500,4,6982.0,28,16,0.5714285714285714,12304.142857142857,2.079095611711963
ROBOT_LAUNDRY,group_regression_open500,1000,2.5,500,2,876.0,10,5,0.5,-1722.4,
ROBOT_LAUNDRY,group_regression_open500,1000,2.5,500,3,3672.0,10,4,0.4,-21009.3,2.5394805826581273
ROBOT_LAUNDRY,group_regression_open500,1000,2.5,500,4,8582.0,13,6,0.46153846153846156,-7563.692307692308,2.5338041922191668
MICROCHIP_TRIANGLE,product_rolling,1000,2.5,500,2,6325.0,11,6,0.5454545454545454,8065.636363636364,
MICROCHIP_TRIANGLE,product_rolling,1000,2.5,500,3,10233.0,11,6,0.5454545454545454,7736.181818181818,
MICROCHIP_TRIANGLE,product_rolling,1000,2.5,500,4,14252.0,9,5,0.5555555555555556,7526.222222222223,
OXYGEN_SHAKE_MINT,product_rolling,1000,3.0,100,2,390.0,6,2,0.3333333333333333,-35796.666666666664,
OXYGEN_SHAKE_MINT,product_rolling,1000,3.0,100,3,306.0,4,2,0.5,-1327.5,
OXYGEN_SHAKE_MINT,product_rolling,1000,3.0,100,4,-430.0,4,1,0.25,-45520.0,
ROBOT_DISHES,group_equal,1000,2.0,500,2,-3164.0,11,5,0.45454545454545453,-9430.818181818182,
ROBOT_DISHES,group_equal,1000,2.0,500,3,-1499.0,12,6,0.5,-1422.75,2.1556335291998088
ROBOT_DISHES,group_equal,1000,2.0,500,4,-3109.0,12,4,0.3333333333333333,-37224.416666666664,
SNACKPACK_RASPBERRY,group_vol,500,3.0,500,2,2490.0,10,5,0.5,-1254.0,3.0807637027596533
SNACKPACK_RASPBERRY,group_vol,500,3.0,500,3,2640.0,7,4,0.5714285714285714,13214.285714285714,3.000682699692754
SNACKPACK_RASPBERRY,group_vol,500,3.0,500,4,6276.0,11,5,0.45454545454545453,-9159.454545454546,
OXYGEN_SHAKE_MINT,product_rolling,1000,3.0,200,2,4290.0,6,2,0.3333333333333333,-35146.666666666664,
OXYGEN_SHAKE_MINT,product_rolling,1000,3.0,200,3,1086.0,4,2,0.5,-1132.5,
OXYGEN_SHAKE_MINT,product_rolling,1000,3.0,200,4,410.0,4,1,0.25,-45310.0,
GALAXY_SOUNDS_DARK_MATTER,group_regression_open500,500,3.0,500,2,790.0,6,3,0.5,208.33333333333334,
GALAXY_SOUNDS_DARK_MATTER,group_regression_open500,500,3.0,500,3,300.0,9,3,0.3333333333333333,-36813.333333333336,
GALAXY_SOUNDS_DARK_MATTER,group_regression_open500,500,3.0,500,4,5850.0,7,2,0.2857142857142857,-44031.42857142857,
TRANSLATOR_ECLIPSE_CHARCOAL,group_regression_open500,1000,2.5,200,2,215.0,8,4,0.5,-3013.875,
TRANSLATOR_ECLIPSE_CHARCOAL,group_regression_open500,1000,2.5,200,3,341.0,7,4,0.5714285714285714,13140.714285714286,
TRANSLATOR_ECLIPSE_CHARCOAL,group_regression_open500,1000,2.5,200,4,-944.0,13,8,0.6153846153846154,21479.153846153848,2.5285120750742633
PEBBLES_XL,product_rolling,500,1.5,200,2,8208.0,47,20,0.425531914893617,-19068.978723404256,1.6264066522980531
PEBBLES_XL,product_rolling,500,1.5,200,3,46204.0,47,26,0.5531914893617021,12464.255319148937,1.5585290827055225
PEBBLES_XL,product_rolling,500,1.5,200,4,6620.0,51,19,0.37254901960784315,-37783.333333333336,1.5459519866219287
SLEEP_POD_POLYESTER,product_rolling,1000,3.0,200,2,2522.0,8,0,0.0,-106324.625,
SLEEP_POD_POLYESTER,product_rolling,1000,3.0,200,3,-2510.0,3,2,0.6666666666666666,36343.333333333336,
SLEEP_POD_POLYESTER,product_rolling,1000,3.0,200,4,3219.0,7,4,0.5714285714285714,16045.285714285714,
OXYGEN_SHAKE_CHOCOLATE,group_regression_open500,500,3.0,500,2,5730.0,8,3,0.375,-23747.5,3.004129997142027
OXYGEN_SHAKE_CHOCOLATE,group_regression_open500,500,3.0,500,3,2240.0,9,7,0.7777777777777778,50742.22222222222,
OXYGEN_SHAKE_CHOCOLATE,group_regression_open500,500,3.0,500,4,-229.0,12,6,0.5,-1858.3333333333333,
SNACKPACK_RASPBERRY,group_equal,500,3.0,500,2,-670.0,9,4,0.4444444444444444,-12614.444444444445,3.113532579026264
SNACKPACK_RASPBERRY,group_equal,500,3.0,500,3,2850.0,7,4,0.5714285714285714,13222.857142857143,3.366865286987651
SNACKPACK_RASPBERRY,group_equal,500,3.0,500,4,5956.0,11,5,0.45454545454545453,-9190.363636363636,
GALAXY_SOUNDS_DARK_MATTER,group_regression_open500,1000,2.0,500,2,9450.0,19,7,0.3684210526315789,-27000.526315789473,2.002773068332056
GALAXY_SOUNDS_DARK_MATTER,group_regression_open500,1000,2.0,500,3,5038.0,17,8,0.47058823529411764,-7002.470588235294,2.1156767308706996
GALAXY_SOUNDS_DARK_MATTER,group_regression_open500,1000,2.0,500,4,3580.0,16,9,0.5625,12551.875,2.046784235076714
TRANSLATOR_SPACE_GRAY,product_rolling,500,3.0,500,2,-650.0,11,6,0.5454545454545454,8161.909090909091,3.024877040593668
TRANSLATOR_SPACE_GRAY,product_rolling,500,3.0,500,3,867.0,9,5,0.5555555555555556,9325.111111111111,
TRANSLATOR_SPACE_GRAY,product_rolling,500,3.0,500,4,-816.0,11,6,0.5454545454545454,7726.090909090909,
ROBOT_LAUNDRY,product_rolling,1000,3.0,500,2,-242.0,5,2,0.4,-22424.4,
ROBOT_LAUNDRY,product_rolling,1000,3.0,500,3,9458.0,5,5,1.0,101085.8,
ROBOT_LAUNDRY,product_rolling,1000,3.0,500,4,215.0,2,0,0.0,-90375.0,
TRANSLATOR_GRAPHITE_MIST,group_vol,1000,3.0,100,2,1727.0,4,3,0.75,46121.75,
TRANSLATOR_GRAPHITE_MIST,group_vol,1000,3.0,100,3,1469.0,5,1,0.2,-61465.6,
TRANSLATOR_GRAPHITE_MIST,group_vol,1000,3.0,100,4,-396.0,5,2,0.4,-26428.4,
ROBOT_LAUNDRY,group_regression_open500,500,2.5,500,2,799.0,15,7,0.4666666666666667,-7915.866666666667,
ROBOT_LAUNDRY,group_regression_open500,500,2.5,500,3,5800.0,18,9,0.5,-571.0,2.5712158795692552
ROBOT_LAUNDRY,group_regression_open500,500,2.5,500,4,6305.0,17,7,0.4117647058823529,-16661.117647058825,2.5593532893600344
UV_VISOR_MAGENTA,product_rolling,500,3.0,200,2,1740.0,11,4,0.36363636363636365,-32088.18181818182,3.101083519802621
UV_VISOR_MAGENTA,product_rolling,500,3.0,200,3,3472.0,10,4,0.4,-23319.0,
UV_VISOR_MAGENTA,product_rolling,500,3.0,200,4,3288.0,6,3,0.5,-665.3333333333334,
TRANSLATOR_GRAPHITE_MIST,group_equal,1000,3.0,100,2,1670.0,4,3,0.75,46107.5,
TRANSLATOR_GRAPHITE_MIST,group_equal,1000,3.0,100,3,812.0,4,1,0.25,-52011.5,
TRANSLATOR_GRAPHITE_MIST,group_equal,1000,3.0,100,4,0.0,3,1,0.3333333333333333,-39910.0,
OXYGEN_SHAKE_EVENING_BREATH,group_regression_open500,1000,2.5,500,2,3726.0,9,6,0.6666666666666666,30898.444444444445,
OXYGEN_SHAKE_EVENING_BREATH,group_regression_open500,1000,2.5,500,3,440.0,8,4,0.5,165.0,
OXYGEN_SHAKE_EVENING_BREATH,group_regression_open500,1000,2.5,500,4,-1784.0,11,6,0.5454545454545454,7412.727272727273,
TRANSLATOR_GRAPHITE_MIST,product_rolling,1000,3.0,200,2,-1926.0,4,3,0.75,46616.75,
TRANSLATOR_GRAPHITE_MIST,product_rolling,1000,3.0,200,3,2550.0,6,2,0.3333333333333333,-34865.0,
TRANSLATOR_GRAPHITE_MIST,product_rolling,1000,3.0,200,4,1833.0,6,3,0.5,-5077.333333333333,
ROBOT_DISHES,group_equal,1000,2.5,500,2,-1489.0,10,4,0.4,-20239.6,
ROBOT_DISHES,group_equal,1000,2.5,500,3,3003.0,8,4,0.5,-1143.875,2.549397814251968
ROBOT_DISHES,group_equal,1000,2.5,500,4,8295.0,10,4,0.4,-22460.4,
MICROCHIP_RECTANGLE,product_rolling,500,2.0,500,2,19017.0,43,18,0.4186046511627907,-15990.302325581395,2.091462643924449
MICROCHIP_RECTANGLE,product_rolling,500,2.0,500,3,2754.0,26,16,0.6153846153846154,18990.346153846152,
MICROCHIP_RECTANGLE,product_rolling,500,2.0,500,4,-721.0,25,10,0.4,-17210.76,2.0290053168780915
SLEEP_POD_POLYESTER,product_rolling,1000,2.5,200,2,-449.0,15,3,0.2,-65090.4,
SLEEP_POD_POLYESTER,product_rolling,1000,2.5,200,3,3472.0,14,6,0.42857142857142855,-19205.5,
SLEEP_POD_POLYESTER,product_rolling,1000,2.5,200,4,3920.0,12,7,0.5833333333333334,19920.5,
MICROCHIP_TRIANGLE,product_rolling,200,2.5,500,2,-10606.0,34,14,0.4117647058823529,-19675.147058823528,
MICROCHIP_TRIANGLE,product_rolling,200,2.5,500,3,-22378.0,36,23,0.6388888888888888,27182.88888888889,2.6556649533451866
MICROCHIP_TRIANGLE,product_rolling,200,2.5,500,4,1922.0,38,20,0.5263157894736842,3493.0526315789475,2.6546338525991575
PANEL_2X2,group_equal,1000,3.0,200,2,4583.0,4,0,0.0,-98796.0,
PANEL_2X2,group_equal,1000,3.0,200,3,6273.0,7,3,0.42857142857142855,-17308.571428571428,3.240342057615997
PANEL_2X2,group_equal,1000,3.0,200,4,3419.0,6,2,0.3333333333333333,-30220.0,
OXYGEN_SHAKE_CHOCOLATE,group_regression_open500,500,3.0,200,2,2430.0,8,3,0.375,-24160.0,3.004129997142027
OXYGEN_SHAKE_CHOCOLATE,group_regression_open500,500,3.0,200,3,1990.0,9,7,0.7777777777777778,50714.444444444445,
OXYGEN_SHAKE_CHOCOLATE,group_regression_open500,500,3.0,200,4,4671.0,12,6,0.5,-1450.0,
PANEL_4X4,product_rolling,200,3.0,500,2,-65.0,19,7,0.3684210526315789,-27557.0,
PANEL_4X4,product_rolling,200,3.0,500,3,1956.0,23,8,0.34782608695652173,-29364.565217391304,
PANEL_4X4,product_rolling,200,3.0,500,4,3108.0,22,12,0.5454545454545454,7863.727272727273,
MICROCHIP_TRIANGLE,product_rolling,1000,1.5,200,2,7083.0,35,15,0.42857142857142855,-16488.6,1.5499320937666612
MICROCHIP_TRIANGLE,product_rolling,1000,1.5,200,3,-8271.0,31,19,0.6129032258064516,20097.516129032258,1.548598030255117
MICROCHIP_TRIANGLE,product_rolling,1000,1.5,200,4,20099.0,34,22,0.6470588235294118,23813.735294117647,
SLEEP_POD_NYLON,product_rolling,1000,3.0,500,2,2793.0,5,5,1.0,95750.8,3.038157919634561
SLEEP_POD_NYLON,product_rolling,1000,3.0,500,3,2137.0,4,2,0.5,784.25,3.0179134750848817
SLEEP_POD_NYLON,product_rolling,1000,3.0,500,4,4966.0,8,2,0.25,-50435.375,
MICROCHIP_RECTANGLE,product_rolling,500,1.5,500,2,16741.0,55,23,0.41818181818181815,-15931.690909090908,1.5942199055236788
MICROCHIP_RECTANGLE,product_rolling,500,1.5,500,3,3396.0,38,23,0.6052631578947368,18453.263157894737,
MICROCHIP_RECTANGLE,product_rolling,500,1.5,500,4,-8103.0,29,13,0.4482758620689655,-8830.51724137931,1.5340749024063687
SLEEP_POD_NYLON,product_rolling,1000,2.0,500,2,7065.0,18,12,0.6666666666666666,31889.666666666668,2.045842943679378
SLEEP_POD_NYLON,product_rolling,1000,2.0,500,3,3853.0,16,8,0.5,-49.875,2.0003290810739283
SLEEP_POD_NYLON,product_rolling,1000,2.0,500,4,1495.0,14,5,0.35714285714285715,-30380.214285714286,
SLEEP_POD_SUEDE,group_regression_open500,500,3.0,500,2,5320.0,8,3,0.375,-26574.375,
SLEEP_POD_SUEDE,group_regression_open500,500,3.0,500,3,7795.0,11,6,0.5454545454545454,12263.818181818182,3.0205813395875545
SLEEP_POD_SUEDE,group_regression_open500,500,3.0,500,4,-2792.0,11,4,0.36363636363636365,-34067.90909090909,
UV_VISOR_YELLOW,group_regression_open500,500,3.0,200,2,1040.0,10,2,0.2,-64645.0,
UV_VISOR_YELLOW,group_regression_open500,500,3.0,200,3,-4978.0,12,6,0.5,-2279.0,3.3055140761619453
UV_VISOR_YELLOW,group_regression_open500,500,3.0,200,4,-2190.0,9,4,0.4444444444444444,-10917.777777777777,
ROBOT_DISHES,product_rolling,1000,2.0,500,2,-6850.0,10,4,0.4,-20176.2,
ROBOT_DISHES,product_rolling,1000,2.0,500,3,-5642.0,14,8,0.5714285714285714,12530.857142857143,2.1551888418129153
ROBOT_DISHES,product_rolling,1000,2.0,500,4,3690.0,12,5,0.4166666666666667,-19256.5,2.906752519300347
UV_VISOR_AMBER,group_vol,1000,1.5,500,2,-3065.0,18,14,0.7777777777777778,51305.0,
UV_VISOR_AMBER,group_vol,1000,1.5,500,3,1340.0,22,17,0.7727272727272727,41667.27272727273,
UV_VISOR_AMBER,group_vol,1000,1.5,500,4,-1042.0,19,8,0.42105263157894735,-11454.842105263158,1.5478076216568524
ROBOT_LAUNDRY,group_regression_open500,200,1.5,500,2,6610.0,76,39,0.5131578947368421,2668.8684210526317,1.7403474241666006
ROBOT_LAUNDRY,group_regression_open500,200,1.5,500,3,-5106.0,66,32,0.48484848484848486,-3175.439393939394,
ROBOT_LAUNDRY,group_regression_open500,200,1.5,500,4,-4826.0,80,42,0.525,4233.4125,
UV_VISOR_AMBER,group_equal,1000,1.5,500,2,-3045.0,18,14,0.7777777777777778,51297.22222222222,
UV_VISOR_AMBER,group_equal,1000,1.5,500,3,740.0,22,16,0.7272727272727273,34649.09090909091,
UV_VISOR_AMBER,group_equal,1000,1.5,500,4,-612.0,19,9,0.47368421052631576,-4215.894736842105,1.5391015435155977
TRANSLATOR_ECLIPSE_CHARCOAL,group_regression_open500,1000,2.5,500,2,783.0,8,4,0.5,-2942.875,
TRANSLATOR_ECLIPSE_CHARCOAL,group_regression_open500,1000,2.5,500,3,392.0,6,3,0.5,-612.3333333333334,
TRANSLATOR_ECLIPSE_CHARCOAL,group_regression_open500,1000,2.5,500,4,-926.0,11,6,0.5454545454545454,8000.545454545455,2.5285120750742633
ROBOT_LAUNDRY,group_regression_open500,200,2.0,500,2,7490.0,53,23,0.4339622641509434,-13877.566037735849,2.2815718572225117
ROBOT_LAUNDRY,group_regression_open500,200,2.0,500,3,-1623.0,53,26,0.49056603773584906,-2004.3584905660377,
ROBOT_LAUNDRY,group_regression_open500,200,2.0,500,4,-2039.0,60,35,0.5833333333333334,14376.383333333333,
ROBOT_DISHES,group_vol,1000,1.5,500,2,1232.0,18,8,0.4444444444444444,-11611.722222222223,
ROBOT_DISHES,group_vol,1000,1.5,500,3,-1871.0,22,8,0.36363636363636365,-28029.227272727272,2.457285835400136
ROBOT_DISHES,group_vol,1000,1.5,500,4,-3534.0,16,5,0.3125,-41180.1875,
SLEEP_POD_NYLON,product_rolling,1000,1.5,500,2,5308.0,24,14,0.5833333333333334,15189.375,1.5834333482762044
SLEEP_POD_NYLON,product_rolling,1000,1.5,500,3,2869.0,24,9,0.375,-23257.166666666668,1.5323385910508251
SLEEP_POD_NYLON,product_rolling,1000,1.5,500,4,5385.0,25,10,0.4,-21729.28,
GALAXY_SOUNDS_SOLAR_FLAMES,product_rolling,100,3.0,500,2,-10229.0,42,19,0.4523809523809524,-10632.880952380952,
GALAXY_SOUNDS_SOLAR_FLAMES,product_rolling,100,3.0,500,3,-9428.0,46,20,0.43478260869565216,-15256.347826086956,3.097739979025408
GALAXY_SOUNDS_SOLAR_FLAMES,product_rolling,100,3.0,500,4,-4288.0,38,15,0.39473684210526316,-23221.315789473683,
GALAXY_SOUNDS_SOLAR_WINDS,product_rolling,1000,2.5,200,2,-6040.0,11,6,0.5454545454545454,7667.272727272727,
GALAXY_SOUNDS_SOLAR_WINDS,product_rolling,1000,2.5,200,3,3460.0,12,5,0.4166666666666667,-19484.166666666668,
GALAXY_SOUNDS_SOLAR_WINDS,product_rolling,1000,2.5,200,4,-3260.0,8,5,0.625,25226.25,2.5575273402980425
ROBOT_IRONING,product_rolling,1000,2.5,200,2,-1754.0,8,5,0.625,22364.25,
ROBOT_IRONING,product_rolling,1000,2.5,200,3,-4090.0,10,8,0.8,49057.2,2.560901597277349
ROBOT_IRONING,product_rolling,1000,2.5,200,4,-2630.0,11,5,0.45454545454545453,-7843.363636363636,2.6531804255100093
SNACKPACK_STRAWBERRY,group_equal,1000,3.0,200,2,-1500.0,5,2,0.4,-21138.0,3.1818812340181704
SNACKPACK_STRAWBERRY,group_equal,1000,3.0,200,3,1590.0,6,2,0.3333333333333333,-37216.666666666664,
SNACKPACK_STRAWBERRY,group_equal,1000,3.0,200,4,-1072.0,6,4,0.6666666666666666,36204.666666666664,
PANEL_2X2,group_vol,1000,3.0,200,2,4777.0,4,0,0.0,-98747.5,
PANEL_2X2,group_vol,1000,3.0,200,3,5978.0,7,3,0.42857142857142855,-17323.285714285714,3.3009154503490272
PANEL_2X2,group_vol,1000,3.0,200,4,2543.0,5,2,0.4,-18786.8,
PANEL_4X4,product_rolling,500,2.5,200,2,-2799.0,16,7,0.4375,-13935.0,
PANEL_4X4,product_rolling,500,2.5,200,3,-618.0,18,5,0.2777777777777778,-43679.88888888889,
PANEL_4X4,product_rolling,500,2.5,200,4,189.0,20,11,0.55,8693.7,
GALAXY_SOUNDS_DARK_MATTER,group_equal,1000,2.0,500,2,10670.0,15,8,0.5333333333333333,6909.333333333333,
GALAXY_SOUNDS_DARK_MATTER,group_equal,1000,2.0,500,3,1550.0,15,9,0.6,19028.666666666668,
GALAXY_SOUNDS_DARK_MATTER,group_equal,1000,2.0,500,4,-1250.0,15,6,0.4,-21431.333333333332,2.1496333216735795
PANEL_4X4,product_rolling,1000,3.0,200,2,998.0,3,2,0.6666666666666666,31646.0,
PANEL_4X4,product_rolling,1000,3.0,200,3,1157.0,8,2,0.25,-49615.875,
PANEL_4X4,product_rolling,1000,3.0,200,4,387.0,6,5,0.8333333333333334,66532.16666666667,
ROBOT_DISHES,group_equal,1000,1.5,500,2,505.0,18,8,0.4444444444444444,-11625.5,
ROBOT_DISHES,group_equal,1000,1.5,500,3,-2800.0,21,8,0.38095238095238093,-24742.333333333332,2.4404073504537727
ROBOT_DISHES,group_equal,1000,1.5,500,4,-3640.0,17,6,0.35294117647058826,-32642.176470588234,
PANEL_2X2,group_equal,1000,3.0,100,2,1875.0,4,0,0.0,-99473.0,
PANEL_2X2,group_equal,1000,3.0,100,3,5276.0,7,3,0.42857142857142855,-17451.0,
PANEL_2X2,group_equal,1000,3.0,100,4,3206.0,6,2,0.3333333333333333,-30255.5,
SLEEP_POD_NYLON,product_rolling,500,2.0,500,2,3765.0,25,14,0.56,11145.24,2.039393133527992
SLEEP_POD_NYLON,product_rolling,500,2.0,500,3,-1470.0,28,12,0.42857142857142855,-13637.392857142857,2.0349072010414715
SLEEP_POD_NYLON,product_rolling,500,2.0,500,4,1877.0,25,12,0.48,-4994.24,
ROBOT_DISHES,group_vol,1000,1.0,500,2,-2964.0,30,13,0.43333333333333335,-14264.266666666666,
ROBOT_DISHES,group_vol,1000,1.0,500,3,-7659.0,28,11,0.39285714285714285,-22144.321428571428,2.1484886549749724
ROBOT_DISHES,group_vol,1000,1.0,500,4,7001.0,31,12,0.3870967741935484,-24979.129032258064,
UV_VISOR_AMBER,product_rolling,1000,2.5,500,2,-3522.0,9,6,0.6666666666666666,28984.444444444445,
UV_VISOR_AMBER,product_rolling,1000,2.5,500,3,570.0,8,4,0.5,-913.75,
UV_VISOR_AMBER,product_rolling,1000,2.5,500,4,-1218.0,10,4,0.4,-14640.0,2.5001736493585924
TRANSLATOR_GRAPHITE_MIST,group_equal,1000,2.5,100,2,5954.0,14,10,0.7142857142857143,39742.78571428572,2.565144424818525
TRANSLATOR_GRAPHITE_MIST,group_equal,1000,2.5,100,3,1448.0,14,4,0.2857142857142857,-45315.857142857145,
TRANSLATOR_GRAPHITE_MIST,group_equal,1000,2.5,100,4,2898.0,17,8,0.47058823529411764,-9131.882352941177,
MICROCHIP_TRIANGLE,product_rolling,1000,1.0,200,2,-2837.0,46,19,0.41304347826086957,-19617.478260869564,2.01559226861869
MICROCHIP_TRIANGLE,product_rolling,1000,1.0,200,3,-4267.0,49,29,0.5918367346938775,16594.775510204083,1.531626845621088
MICROCHIP_TRIANGLE,product_rolling,1000,1.0,200,4,19443.0,51,32,0.6274509803921569,20579.78431372549,1.013291620559632
OXYGEN_SHAKE_MINT,group_vol,1000,3.0,100,2,10.0,6,3,0.5,-2296.6666666666665,
OXYGEN_SHAKE_MINT,group_vol,1000,3.0,100,3,190.0,6,3,0.5,-2005.0,
OXYGEN_SHAKE_MINT,group_vol,1000,3.0,100,4,1124.0,6,2,0.3333333333333333,-34459.333333333336,
ROBOT_DISHES,group_vol,1000,2.5,500,2,-1459.0,10,4,0.4,-20275.9,
ROBOT_DISHES,group_vol,1000,2.5,500,3,2317.0,8,4,0.5,-1157.375,2.537127997812923
ROBOT_DISHES,group_vol,1000,2.5,500,4,7373.0,9,3,0.3333333333333333,-36062.555555555555,
ROBOT_LAUNDRY,group_regression_open500,500,1.5,500,2,10977.0,40,20,0.5,-280.55,1.5076708016143119
ROBOT_LAUNDRY,group_regression_open500,500,1.5,500,3,4733.0,30,14,0.4666666666666667,-6856.433333333333,1.5027965407579122
ROBOT_LAUNDRY,group_regression_open500,500,1.5,500,4,1477.0,37,19,0.5135135135135135,1816.6486486486488,1.6431408258818005
PANEL_2X2,group_vol,1000,3.0,100,2,1875.0,4,0,0.0,-99473.0,
PANEL_2X2,group_vol,1000,3.0,100,3,4858.0,7,3,0.42857142857142855,-17483.285714285714,
PANEL_2X2,group_vol,1000,3.0,100,4,1825.0,5,2,0.4,-18930.4,
MICROCHIP_TRIANGLE,product_rolling,1000,2.0,200,2,11265.0,26,12,0.46153846153846156,-9926.884615384615,
MICROCHIP_TRIANGLE,product_rolling,1000,2.0,200,3,-2836.0,18,8,0.4444444444444444,-13837.0,
MICROCHIP_TRIANGLE,product_rolling,1000,2.0,200,4,17732.0,23,16,0.6956521739130435,32341.652173913044,
MICROCHIP_TRIANGLE,product_rolling,200,1.0,500,2,-11166.0,92,40,0.43478260869565216,-13982.04347826087,
MICROCHIP_TRIANGLE,product_rolling,200,1.0,500,3,-31870.0,86,46,0.5348837209302325,6747.069767441861,1.6340283008110328
MICROCHIP_TRIANGLE,product_rolling,200,1.0,500,4,-4745.0,96,49,0.5104166666666666,1212.0416666666667,1.3910123447992544
OXYGEN_SHAKE_GARLIC,group_regression_open500,1000,2.0,500,2,2332.0,15,5,0.3333333333333333,-38682.53333333333,
OXYGEN_SHAKE_GARLIC,group_regression_open500,1000,2.0,500,3,1550.0,16,11,0.6875,43185.625,
OXYGEN_SHAKE_GARLIC,group_regression_open500,1000,2.0,500,4,50.0,14,7,0.5,1225.7142857142858,
MICROCHIP_SQUARE,product_rolling,100,2.5,500,2,-6605.0,72,35,0.4861111111111111,-3863.1944444444443,2.5161208632072345
MICROCHIP_SQUARE,product_rolling,100,2.5,500,3,-30878.0,69,31,0.4492753623188406,-16186.27536231884,2.738208478113555
MICROCHIP_SQUARE,product_rolling,100,2.5,500,4,5919.0,81,39,0.48148148148148145,-6103.098765432099,3.10329285211945
MICROCHIP_RECTANGLE,product_rolling,500,2.5,500,2,17975.0,32,12,0.375,-24079.59375,2.6051636852753943
MICROCHIP_RECTANGLE,product_rolling,500,2.5,500,3,2008.0,17,10,0.5882352941176471,14828.470588235294,
MICROCHIP_RECTANGLE,product_rolling,500,2.5,500,4,281.0,18,6,0.3333333333333333,-28375.722222222223,2.544245632510034
PANEL_4X4,product_rolling,1000,2.5,200,2,8298.0,9,4,0.4444444444444444,-12240.555555555555,
PANEL_4X4,product_rolling,1000,2.5,200,3,-4886.0,14,3,0.21428571428571427,-56834.28571428572,
PANEL_4X4,product_rolling,1000,2.5,200,4,-663.0,13,8,0.6153846153846154,21276.153846153848,
PANEL_4X4,product_rolling,500,2.5,500,2,816.0,16,7,0.4375,-13709.0625,
PANEL_4X4,product_rolling,500,2.5,500,3,-858.0,16,5,0.3125,-36381.125,
PANEL_4X4,product_rolling,500,2.5,500,4,-5677.0,18,9,0.5,-1692.388888888889,2.5374762430155196
ROBOT_DISHES,group_equal,1000,1.0,500,2,-3364.0,29,12,0.41379310344827586,-18021.44827586207,
ROBOT_DISHES,group_equal,1000,1.0,500,3,-7763.0,27,11,0.4074074074074074,-19250.962962962964,2.160011263007371
ROBOT_DISHES,group_equal,1000,1.0,500,4,3407.0,29,12,0.41379310344827586,-19586.51724137931,
SLEEP_POD_POLYESTER,group_equal,1000,3.0,200,2,2163.0,8,3,0.375,-26988.125,
SLEEP_POD_POLYESTER,group_equal,1000,3.0,200,3,-1903.0,6,4,0.6666666666666666,35594.0,
SLEEP_POD_POLYESTER,group_equal,1000,3.0,200,4,2065.0,6,3,0.5,-2197.5,
ROBOT_LAUNDRY,product_rolling,1000,2.5,500,2,6149.0,12,5,0.4166666666666667,-18491.75,
ROBOT_LAUNDRY,product_rolling,1000,2.5,500,3,4800.0,10,8,0.8,58426.6,2.6315674387319055
ROBOT_LAUNDRY,product_rolling,1000,2.5,500,4,3695.0,10,4,0.4,-18945.5,
