group,y,x,all_alpha,all_beta,all_corr_mid,all_corr_ret,all_resid_mean,all_resid_sd,all_resid_acf1,all_half_life,all_adf_t,all_n,d2_alpha,d2_beta,d2_corr_mid,d2_corr_ret,d2_resid_mean,d2_resid_sd,d2_resid_acf1,d2_half_life,d2_adf_t,d2_n,d3_alpha,d3_beta,d3_corr_mid,d3_corr_ret,d3_resid_mean,d3_resid_sd,d3_resid_acf1,d3_half_life,d3_adf_t,d3_n,d4_alpha,d4_beta,d4_corr_mid,d4_corr_ret,d4_resid_mean,d4_resid_sd,d4_resid_acf1,d4_half_life,d4_adf_t,d4_n,adf_days_lt_-2_8,half_life_max_day,half_life_mean_day,beta_cv_day,min_day_corr_mid,candidate
SNACKPACK,SNACKPACK_CHOCOLATE,SNACKPACK_VANILLA,20355.785260461278,-1.041111093300907,-0.9258729584924151,-0.9159263257745413,-7.188646122813225e-13,75.84280600020269,0.9993446931765531,1057.3978767133972,-3.135020831520757,30000,18098.477714553897,-0.8085654218558608,-0.9736817009269704,-0.920032267885336,-4.0818122215569017e-13,29.86340321480627,0.9959185131446414,169.48031570778,-4.3445603195122855,10000,19976.330654114478,-1.004931438065224,-0.980115947096104,-0.9154435523506981,-8.387360139749944e-13,31.591516154766843,0.9963640779279799,190.2918399471001,-4.141418747820738,10000,19653.880312721474,-0.9788058273939385,-0.9615710657301753,-0.9122522715146086,9.604264050722122e-14,48.081866972972,0.998411325308923,435.95863008150604,-2.3177379206158015,10000,2,435.95863008150604,265.243595245462,0.09354184972189221,-0.980115947096104,False
UV_VISOR,UV_VISOR_RED,UV_VISOR_MAGENTA,7733.44922940818,0.2996676039494179,0.31284241045453454,0.004501957750300285,-3.880510727564494e-13,558.2057256340861,0.9997872218868165,3257.259049346127,-1.898155660521,30000,13944.00616249246,-0.3044984321804762,-0.46538277212910717,0.016669141962719864,2.2264430299401282e-13,248.66799066247083,0.9989642430771993,668.8713706032828,-3.5096008389137374,10000,15535.22453844671,-0.4323702107971191,-0.4006786251674806,0.012159192828656164,3.201421350240707e-13,257.13607080688234,0.9989684380868964,671.592851719448,-1.923538240296145,10000,13009.116864798385,-0.1054562906726953,-0.11335141964665933,-0.012781424581416127,-1.8044374883174896e-13,278.62347317895893,0.9991014453307515,771.0557212544162,-2.9982414602535314,10000,2,771.0557212544162,703.8399811923823,0.47907457912885304,-0.46538277212910717,False
UV_VISOR,UV_VISOR_AMBER,UV_VISOR_ORANGE,21327.228299850743,-1.286675687049047,-0.7106385537268168,0.004498385541153686,-4.501392443974813e-13,701.3769338959034,0.9997497197529368,2769.137574977926,-1.3137159082137586,30000,2290.3400659118115,0.6972698956380858,0.3709997180312309,0.008501351633531799,-1.4901161193847657e-12,385.13523402163423,0.9995583194662172,1568.9939706999587,-1.2429003820169293,10000,8240.386209178525,-0.05366678078012077,-0.06463425184475574,0.0015708554017594208,1.6298145055770874e-13,254.2215427749281,0.9995364156592977,1494.8445001490502,-2.929350182547828,10000,9028.078379705368,-0.19791467479749547,-0.5881068458809058,0.0031730763313857478,4.4528860598802565e-13,144.34039506006116,0.9987116855754186,537.6797586478166,-3.2583359032359502,10000,2,1568.9939706999587,1200.5060764989419,2.6415632753674583,-0.5881068458809058,False
TRANSLATOR,TRANSLATOR_SPACE_GRAY,TRANSLATOR_ECLIPSE_CHARCOAL,11525.049823392099,-0.21328744580225353,-0.15088901140300479,0.010401139213539459,-1.7384688059488932e-12,496.9424589257792,0.9998104097493788,3655.6809711414,-1.2811772678962587,30000,11482.658370833575,-0.18423647699711468,-0.24317674730183014,0.014792119274887376,-2.8085196390748026e-13,294.9717030131241,0.9994425034112292,1242.9743301852486,-1.875051396549673,10000,18637.93634510537,-0.901560355933083,-0.8094694782412009,0.006166307440663398,-3.230525180697441e-13,208.72963460602483,0.99798958300089,344.4311253496227,-3.1409531886166357,10000,-550.1669481450208,0.9727841221581247,0.43930266789726957,0.01044246052397629,-8.789356797933579e-13,424.7487782730442,0.9995258402947064,1461.4966826625512,-2.893400286726004,10000,2,1461.4966826625512,1016.3007127324742,20.498162599341303,-0.8094694782412009,False
SNACKPACK,SNACKPACK_VANILLA,SNACKPACK_PISTACHIO,12928.42177056158,-0.2981429906325506,-0.3131414587265657,0.03970918104153428,1.940255363782247e-13,169.53367463857387,0.9992056440374246,872.243520465467,-3.4269560226619156,30000,7720.229601080379,0.2427194969886928,0.22123477056948437,0.026169308507472348,-1.8808350432664157e-13,153.87799963761387,0.9990671804812111,742.7201357925497,-2.263350387360794,10000,15749.250411017938,-0.6031912024699829,-0.5529035166745843,0.03721407783892272,1.1641532182693482e-14,129.38579240089192,0.998400112673697,432.90083152086197,-2.810681814016538,10000,12371.906159185033,-0.23226116128972613,-0.1708952340069594,0.05618786983434056,-3.201421350240707e-13,169.51131548015096,0.999224660666685,893.6454064877462,-2.072764047359822,10000,1,893.6454064877462,689.7554579337193,1.7522801260124556,-0.5529035166745843,False
UV_VISOR,UV_VISOR_AMBER,UV_VISOR_MAGENTA,23570.11680733531,-1.4091713819950074,-0.8672762206862569,0.006129849685945197,-4.811833302179972e-13,496.28445403394187,0.9993608264808951,1084.0962830610852,-3.174058188392,30000,16711.72263178444,-0.7245489935858866,-0.7501475919753636,0.00017606527519590368,-2.735760062932968e-13,274.25102291204354,0.9990586180361609,735.961488357465,-2.605530670053808,10000,12183.070474689059,-0.397077655434968,-0.4053762743841598,0.006775526286646671,2.968590706586838e-13,232.88355769110805,0.9992505626102023,924.5434272840151,-3.4169606631620564,10000,5758.157785757605,0.09732399196202579,0.16437828659829232,0.012986585807876462,2.735760062932968e-13,176.03849664634552,0.9991922884655061,857.8151750779098,-2.7630378133498468,10000,1,924.5434272840151,839.4400302397967,0.9894360292763453,-0.7501475919753636,False
TRANSLATOR,TRANSLATOR_ECLIPSE_CHARCOAL,TRANSLATOR_VOID_BLUE,6698.448165614776,0.2868969891996207,0.46729210007453365,-0.004270601245179449,-9.235615531603496e-13,314.4143290339329,0.9994583925103905,1279.4495461258357,-2.9411145866889585,30000,1860.9610706163976,0.7631953295486659,0.7772012285158955,-0.007506614266936152,1.0855728760361671e-12,252.573513675377,0.998786778005449,570.9809316814565,-2.866535537447212,10000,8577.294940494288,0.12863126162347313,0.101069998733229,-0.00838307947700767,1.437729224562645e-12,317.54280539004014,0.9994865984184202,1349.7606138440738,-1.5222427446263584,10000,11504.883464127774,-0.15231437342112172,-0.22431340138820213,0.0028479399659472452,7.683411240577698e-13,208.0791865959955,0.9988473556699611,601.0072748687431,-2.5661596017800545,10000,1,1349.7606138440738,840.5829401314245,1.5534673533888477,-0.22431340138820213,False
TRANSLATOR,TRANSLATOR_ASTRO_BLACK,TRANSLATOR_VOID_BLUE,15494.123684584203,-0.5625878239121586,-0.6654088797856573,0.0046724608882666345,9.235615531603496e-13,365.57905011948725,0.9995250111017612,1458.9447279431097,-2.68115536644367,30000,11496.075406259328,-0.1529542266567423,-0.32650617190418557,0.0010211591709759257,2.0954757928848266e-13,180.98909862564878,0.9984208079303744,438.5785259766889,-2.473265979434798,10000,7878.10542498791,0.10298201220915584,0.06566063733031886,0.013410137045488232,9.42964106798172e-13,392.48735617507623,0.9997309234575825,2575.6757364549894,-2.9475234245228563,10000,9097.84387715528,0.008350082192618983,0.01103819263755004,-0.0006253751049214852,-8.149072527885437e-14,237.8591433489114,0.9992491712799052,922.8295509152963,-1.8177006109194032,10000,1,2575.6757364549894,1312.3612711156582,7.615709846679605,-0.32650617190418557,False
PEBBLES,PEBBLES_S,PEBBLES_M,16588.014521426092,-0.7459296882417167,-0.6157137748934411,0.012586281903320225,-1.3969838619232178e-12,656.5902931258971,0.999585607927473,1672.337863667391,-2.602418594227753,30000,6861.278303178649,0.2861468338452247,0.2097425902835246,0.011596347649152091,2.444721758365631e-13,442.0674638227909,0.9993821354320757,1121.4966174354906,-1.7562349424079917,10000,9842.23065635994,-0.06339059231220338,-0.17531318018291575,0.02574107927086494,1.100124791264534e-12,267.7959309026228,0.9983833760807282,428.41550348570917,-2.8277210726098625,10000,14661.521537612367,-0.6174187781434373,-0.3862362116193611,0.00012511190731121603,8.265487849712372e-13,462.80942361884763,0.9992761891104214,957.2891296950557,-2.7489627498868123,10000,1,1121.4966174354906,835.7337502054185,2.8278440634046773,-0.3862362116193611,False
SNACKPACK,SNACKPACK_PISTACHIO,SNACKPACK_RASPBERRY,15030.043733319819,-0.549146955712545,-0.4973612095209893,-0.8309456090275434,-3.5700698693593344e-13,162.6573992420854,0.9998393448911366,4314.157857502659,-2.4353206507391807,30000,13573.341120130637,-0.38924808929204446,-0.434006759414817,-0.8338247744427376,1.1918018572032452e-12,129.56974903857446,0.9996970939895657,2287.977696587182,-2.3924868216802584,10000,16936.697303951143,-0.7362830843131816,-0.8130462660252398,-0.8299587153048651,-2.002343535423279e-12,82.86661425839083,0.9991846851670607,849.8123026423982,-2.096354510519696,10000,15602.650259481077,-0.6226292769678601,-0.9021048860757659,-0.8290157627756649,4.598405212163926e-13,54.62432279800873,0.9985126377298538,465.6777881896566,-2.8186149963420677,10000,1,2287.977696587182,1201.1559291397455,0.247905666101173,-0.9021048860757659,False
TRANSLATOR,TRANSLATOR_ECLIPSE_CHARCOAL,TRANSLATOR_GRAPHITE_MIST,10083.088829721355,-0.02670863360970295,-0.03751595269887556,0.006996296431750386,-9.468446175257364e-13,355.38053226965485,0.9996149227914305,1799.6747119279373,-2.4236043476454054,30000,19432.87537377155,-1.0008208420262958,-0.6101941216838898,0.010383694918096296,2.153683453798294e-12,317.9994860749558,0.9990525085467782,731.2137231521473,-2.5205205966678714,10000,14169.594335571692,-0.41676468689937135,-0.4992545396617259,-0.012910662971632474,-6.475602276623249e-14,276.55280754555935,0.9992319764161637,902.161059069755,-1.9565300058600024,10000,6874.343087001212,0.2782848230675601,0.6896605976118116,0.02327132801586675,3.026798367500305e-13,154.617053836089,0.9978217923660775,317.87235807082106,-3.611462700575311,10000,1,902.161059069755,650.4157134309078,1.376759319035152,-0.6101941216838898,False
SNACKPACK,SNACKPACK_STRAWBERRY,SNACKPACK_RASPBERRY,19630.965391067934,-0.885545079828002,-0.41361094370431406,-0.9237847012818385,1.7695128917694092e-12,331.01097621032534,0.9999551926402871,15469.147386445966,-2.0659454909107806,30000,21839.047887401117,-1.1469315825657695,-0.7521796211444086,-0.9320945305828879,-2.6659108698368073e-12,161.126201870555,0.9997759124596195,3092.851631370633,-1.244538194382356,10000,20260.355578117298,-0.93558349613757,-0.8972814445228677,-0.9215282038568984,-1.7447746358811856e-12,72.34736417952506,0.9990400515594673,721.7204646370483,-3.4658110429609925,10000,18255.668722630042,-0.7189062156044504,-0.7809486781545772,-0.9176297728796078,1.5279510989785194e-12,105.4542798041867,0.9994155858643763,1185.7081752160689,-2.082682639744347,10000,1,3092.851631370633,1666.7600904079166,0.18713194546386308,-0.8972814445228677,False
TRANSLATOR,TRANSLATOR_ASTRO_BLACK,TRANSLATOR_ECLIPSE_CHARCOAL,12045.51981102136,-0.2710791333194406,-0.19684840661582217,0.0035323798823916194,1.0244548320770264e-12,480.1555932665439,0.9997905009899576,3308.247476014896,-1.9218254204350158,30000,11971.14715089443,-0.21100901727404248,-0.44231651280573403,-0.00513348014906472,-1.3096723705530166e-13,171.73355099878393,0.998220516354812,389.17484705531456,-2.694148991727835,10000,2185.4289427299846,0.6833030333769795,0.5544741937584481,0.011672089561623274,7.741618901491165e-13,327.3347226761012,0.9994039022859877,1162.4613750655426,-2.8064813769611408,10000,3538.636651898866,0.5772465862456733,0.5181485167538756,0.0047190366338172324,-1.0128132998943328e-12,203.45109870194648,0.9985902179419438,491.323086777648,-2.586394575963921,10000,1,1162.4613750655426,680.9864362995017,1.140331787482636,-0.44231651280573403,False
TRANSLATOR,TRANSLATOR_ASTRO_BLACK,TRANSLATOR_GRAPHITE_MIST,11287.7486238383,-0.18865616590307183,-0.19242926825474035,-0.003434778555342281,9.468446175257364e-13,480.585048843779,0.9997990811665558,3449.5399619119103,-1.8178409466108363,30000,4640.414050397361,0.5411957193358152,0.6916687740857842,-0.006532934203287441,-6.548361852765083e-15,138.29210613865035,0.9966041762683794,203.77076821394914,-3.456731095909695,10000,11026.636349229046,-0.20049331075311358,-0.1948942319247689,0.0011224143905088557,1.201988197863102e-12,385.79366068232105,0.999711327238103,2400.805413146319,-2.4677428323377057,10000,6977.702885748948,0.21108720018172467,0.46957036245400213,-0.0044118069886281905,-1.4901161193847657e-12,210.0174558174167,0.9989783536661674,678.1143548983832,-2.3008895184843423,10000,1,2400.805413146319,1094.2301787528838,1.6495504454863044,-0.1948942319247689,False
UV_VISOR,UV_VISOR_AMBER,UV_VISOR_RED,18956.79006681181,-0.9983549413757814,-0.5885627440575814,-0.000700618947348024,-5.510325233141581e-13,805.9461258513537,0.9998574305895004,4861.476007822811,-1.7358153642529026,30000,8996.274042584213,0.016787837919054208,0.011372304722808644,0.01012748961778659,6.984919309616088e-14,414.7067112532436,0.9997567298269907,2848.943039545579,-1.4182394407576462,10000,8939.668091003525,-0.11923421452961598,-0.1313540182302918,-0.0035517226337572327,6.28642737865448e-13,252.54691680381367,0.9995211826162537,1447.2766557306086,-3.2414680288040723,10000,10702.47192975775,-0.323841712930042,-0.5088653161093984,-0.010906848135448396,-8.614733815193177e-13,153.63185844419843,0.9986666733484386,519.5163399667856,-2.639090708656907,10000,1,2848.943039545579,1605.245345080991,0.9852344511630657,-0.5088653161093984,False
TRANSLATOR,TRANSLATOR_GRAPHITE_MIST,TRANSLATOR_VOID_BLUE,9167.638776565413,0.0844494365808002,0.09792529661017574,0.01810993135806793,-3.6476800839106243e-13,497.13166769960327,0.9997914019933993,3322.538382703661,-1.6982337333272945,30000,14079.760140540273,-0.42122570743741344,-0.7035597147569114,0.012746623175333857,6.344635039567947e-13,173.9090081745575,0.9980909140214005,362.7313483094714,-3.122819260149591,10000,18803.129792760905,-0.7916234591392832,-0.5192341850696782,0.010975103984161858,-1.0477378964424133e-12,326.76996830613643,0.9991639232928496,828.7007306078254,-2.0232551938904755,10000,23639.639506969008,-1.170207380088396,-0.6953945343124502,0.029444066839314397,8.847564458847046e-13,380.26759973116816,0.9989881692422659,684.6959753683251,-2.177435852272392,10000,1,828.7007306078254,625.3760180952073,0.384938295725086,-0.7035597147569114,False
PEBBLES,PEBBLES_S,PEBBLES_L,10785.455211036431,-0.18213862160479577,-0.13602911086238903,0.0065984948485020905,1.5522042910257975e-13,825.5228911109217,0.9998285783108175,4043.1743027237744,-1.5935520377049532,30000,7737.464560805846,0.19396243160922583,0.21692080666124097,0.014427938675651265,3.841705620288849e-13,441.3587886995703,0.9994057361157915,1166.0496664881543,-1.5866054883865468,10000,10591.582820908876,-0.1366536354102396,-0.219521053122519,-0.006745132819067273,2.619344741106033e-13,265.37370693550076,0.9983383433850551,416.7955812361814,-2.8727039445975024,10000,2877.529754089235,0.4849408271117347,0.7082351055645256,0.012520602016935634,-2.6775524020195007e-13,354.2201658140203,0.9989153128725986,638.6829631791622,-2.3571925940621905,10000,1,1166.0496664881543,740.5094036344993,1.4049072008847865,-0.219521053122519,False
UV_VISOR,UV_VISOR_YELLOW,UV_VISOR_AMBER,11601.527711123277,-0.08140693737114543,-0.11903057967161627,-0.0028163029695583877,-9.934107462565105e-13,676.9495128136286,0.9998674126660274,5227.507089171744,-1.300902850340778,30000,24478.642490247075,-1.4915483796922413,-0.9089210632974275,-0.0059757583782584795,1.7069396562874317e-12,283.7809816714137,0.9981342620342748,371.1670001465054,-3.1944843100431717,10000,12695.425915454916,-0.1676793701322533,-0.16772818506076909,-0.007056267389756611,-1.8044374883174896e-13,251.07210450287477,0.9989341530504372,649.9786116435143,-1.8776424766620192,10000,-573.1064270529205,1.6334472542958787,0.3916570548624181,0.006717778703175177,2.7939677238464353e-13,684.8496780476947,0.999740496733762,2670.7071927767192,-0.819009852100264,10000,1,2670.7071927767192,1230.6176015222463,149.0340546542115,-0.9089210632974275,False
TRANSLATOR,TRANSLATOR_SPACE_GRAY,TRANSLATOR_GRAPHITE_MIST,9131.015689047088,0.029836087726913405,0.029648211786743883,-0.001611146100239276,-2.483526865641276e-13,502.4770055629989,0.9998239352741486,3936.5418372899803,-1.2212241414328155,30000,6957.860856383542,0.2808873661329672,0.22604260784770946,-0.009623313248363529,-1.1685187928378581e-12,296.22928535328305,0.9994221150705233,1199.108760696121,-1.7781542723861836,10000,3654.975128191146,0.597062602199757,0.6421798141898037,0.00839138125352502,-1.0870280675590039e-12,272.5015498633852,0.999149157959115,814.3136164553134,-2.146386925354274,10000,1367.6624589915582,0.7254410684494206,0.8118866455451783,-0.004037946086195921,-4.71482053399086e-13,276.0369081515821,0.9990759498651117,749.7719589929792,-2.9665598159652995,10000,1,1199.108760696121,921.0647787148046,0.3495246335972447,0.22604260784770946,False
SNACKPACK,SNACKPACK_PISTACHIO,SNACKPACK_STRAWBERRY,11932.09597649898,-0.22754657180491036,-0.44123736279274683,0.9132915988764264,7.372970382372538e-14,168.2534466576309,0.9991421689268356,807.676310774404,-3.5958976078674403,30000,10090.174711098445,-0.04221001696502033,-0.07176314772170399,0.9127758411740337,2.473825588822365e-13,143.45021689897175,0.9992325425318563,902.8267947033753,-2.523333290194687,10000,4228.239150351205,0.4872004690706603,0.5609601361918584,0.9132860498944929,-3.8126017898321153e-13,117.83002323596918,0.9998122042594609,3690.616685389763,-1.4919596812135318,10000,3706.5242886903907,0.5111585332166141,0.6817621032889832,0.9139371993438532,-6.28642737865448e-13,92.60758435647733,0.9997231350758047,2503.2106326761955,-1.1764772006727675,10000,0,3690.616685389763,2365.5513709231113,0.8013421213277423,-0.07176314772170399,False
SNACKPACK,SNACKPACK_CHOCOLATE,SNACKPACK_STRAWBERRY,13041.571319308008,-0.2987126753824995,-0.5410357062745232,0.016796615750091615,1.816079020500183e-12,168.81383730277713,0.9991284884558101,794.9924454847338,-3.5866083471386734,30000,11082.061041932891,-0.1088699275736408,-0.20316292232268923,0.03344760147442537,-6.402842700481414e-13,128.29768466930057,0.998641738834153,509.9728637553281,-2.601378899258841,10000,10202.744052702286,-0.02801364933945912,-0.02883562482325971,0.015572030993863306,2.852175384759903e-13,159.14466046873068,0.9991432391651032,808.6856672747884,-2.0560159120388177,10000,14015.34824818786,-0.3940929763458885,-0.37993922680122727,0.0011285834731346609,4.773028194904328e-13,161.99336906931458,0.9989889936001832,685.2545478417215,-2.26602794605578,10000,0,808.6856672747884,667.9710262906127,0.8871707615325545,-0.37993922680122727,False
SNACKPACK,SNACKPACK_CHOCOLATE,SNACKPACK_PISTACHIO,5060.756776579466,0.503653484133865,0.47043771895497266,0.024861690029625093,7.605801026026408e-13,177.1307985583223,0.9992138593297342,881.3622236577341,-3.456131227014109,30000,11757.296633500504,-0.18601490905485407,-0.20417300386254283,0.036953056812674856,-7.577909855172039e-13,128.27015185525724,0.9986327590256745,506.6211705926699,-2.645964980553929,10000,4023.180289901311,0.6194711967702874,0.5538045176673738,0.028034748192139816,8.629285730421543e-13,132.5664046489146,0.998502307462051,462.46340464899197,-2.7370072454281344,10000,9892.1838125145,-0.023931123912616613,-0.017298215126575374,0.009203313377853293,3.055902197957039e-14,175.09959540114534,0.9993004219227002,990.4608498727574,-2.0049782502496583,10000,0,990.4608498727574,653.181808371473,2.54825234736387,-0.20417300386254283,False
SNACKPACK,SNACKPACK_VANILLA,SNACKPACK_STRAWBERRY,8602.599940020373,0.13960560215181997,0.28432876351587894,0.031106405818432537,-3.880510727564494e-14,171.1439113489388,0.9992617747347361,938.5906068128487,-3.2250022594282877,30000,9121.214818392396,0.0915579668680005,0.14188314747931857,0.01298035731391408,-8.352799341082573e-13,156.19161751494215,0.9991107381684958,779.1169210809694,-2.1125106126800213,10000,9574.086149990258,0.0419145483766368,0.044236773841528514,0.030767199355913082,-8.149072527885437e-14,155.12735092342973,0.9991267630485564,793.4209546260084,-2.095856911128021,10000,7287.393790576759,0.26420475428001694,0.25928131923878445,0.049884331655329205,-2.561137080192566e-13,166.15866664081517,0.9991774842957902,842.3694230991449,-1.9821465397934264,10000,0,842.3694230991449,804.969099602041,0.7186849907825299,0.044236773841528514,False
SNACKPACK,SNACKPACK_VANILLA,SNACKPACK_RASPBERRY,9864.808107471708,0.023069924072503318,0.02194549909238751,0.014429816462455017,5.74315587679545e-13,178.46866002351658,0.9993341410465688,1040.6353811760619,-3.060347410303485,30000,11343.30975550106,-0.1271228882290566,-0.1291940391726619,0.02565403567011932,1.673470251262188e-13,156.46552447670763,0.9990938236079284,764.5675636253809,-2.1531141303255756,10000,8025.205660967334,0.1978100866364037,0.2002226584259067,0.014992347977593664,-7.275957614183426e-14,152.13501614968803,0.9990426911404295,723.7114152911129,-2.1876121137626656,10000,8548.524193380927,0.16446037199994049,0.1753243039234841,0.0024868384597479605,-1.1976226232945919e-12,169.37738576118204,0.9992340594934542,904.6155491022737,-2.0900098953903967,10000,0,904.6155491022737,797.6315093395891,1.8620310381355625,-0.1291940391726619,False
SNACKPACK,SNACKPACK_CHOCOLATE,SNACKPACK_RASPBERRY,9294.420932901141,0.05447121989053219,0.046080875793043236,0.0307293497042205,3.5700698693593344e-13,200.51674694566577,0.9994621405575983,1288.367743202483,-2.8153237724513303,30000,8344.92936306866,0.16058624636930588,0.19653002750058174,0.011146278780281424,5.347828846424818e-14,128.47495029366712,0.9986355850977732,507.67123816434275,-2.594903386398819,10000,12010.952610495468,-0.20861052655796575,-0.20594062771974997,0.0327371353129869,1.0943040251731873e-12,155.79809924951041,0.9990339653680383,717.1713121001131,-2.195074239566702,10000,9568.123201814868,0.00999247090528777,0.010464984461773007,0.04856032637138024,7.661583367735148e-13,175.11620886203673,0.9993017756919419,992.3819011856676,-2.0006460691723182,10000,0,992.3819011856676,739.0748171500412,11.95635747352234,-0.20594062771974997,False
PEBBLES,PEBBLES_XS,PEBBLES_S,-4999.235912628416,1.3886453541434258,0.7982724958896201,-0.006583211148164591,3.019037346045176e-12,873.0423746345436,0.9995632821565035,1586.8273417033622,-2.714848634555106,30000,-421.6339438166742,0.9959132023015679,0.7261071055299952,-0.01047327644415416,1.2805685400962829e-12,426.38589951326014,0.9987415944774216,550.4671955758857,-2.392670944428407,10000,4624.3620093160525,0.25485662219469507,0.09957458869883802,-0.01708735563708202,-1.1641532182693482e-14,692.7336176889521,0.9997467182651301,2736.3181022493395,-1.6892119727570165,10000,431.8836920168678,0.7075314469001391,0.724833586397168,0.00813908435406841,2.444721758365631e-13,337.41290810724774,0.9985423635644797,475.18150793388435,-2.6947784653694,10000,0,2736.3181022493395,1253.9889352530365,0.46724682344558505,0.09957458869883802,False
PEBBLES,PEBBLES_XS,PEBBLES_M,22417.0548514536,-1.4627359808803775,-0.694075544278341,0.014598624179160597,-7.140139738718669e-13,1043.514527169734,0.9996665062051934,2078.0944197018957,-2.6843145235500545,30000,4397.400581164282,0.4916164676727398,0.26272614978938885,0.004305062424005028,8.847564458847046e-13,598.3393753381023,0.9996024509522949,1743.2047578251163,-1.3413854122095459,10000,14770.619586630011,-0.767141737059603,-0.8289302110515999,0.013570721677314677,2.386514097452164e-13,389.41732747972685,0.9987957690602076,575.2465903453226,-2.263951627157497,10000,5510.644526445017,0.05017194923378862,0.032153384245799686,0.025987409937989522,4.103640094399452e-13,489.5147353630307,0.9995342690444514,1487.952968817481,-1.9588092069567562,10000,0,1743.2047578251163,1268.8014389959733,6.941987495314833,-0.8289302110515999,False
PEBBLES,PEBBLES_S,PEBBLES_XL,14108.217796816485,-0.3913520176345274,-0.8343570524569878,-0.49562580537325623,-9.002784887949626e-13,459.31776969845305,0.9995503899404666,1541.3163722969045,-2.586676616808459,30000,12398.407572614264,-0.2379206832385886,-0.7544311127847002,-0.49662641188946005,7.508788257837296e-13,296.7649522054759,0.9990405106257941,722.0659366379032,-2.190689137438546,10000,10259.772029516656,-0.07890709544846983,-0.18148699031782636,-0.4953302064711162,4.190951585769653e-13,267.4914524227742,0.9986025449380089,495.6601221031492,-2.5036042666833613,10000,12375.636439791024,-0.3018473413273475,-0.8687397324053031,-0.4950091663535863,-3.9872247725725175e-13,248.49862794221204,0.9986153225038187,500.23718807649493,-2.290479621921862,10000,0,722.0659366379032,572.6544156058491,0.45452210011993527,-0.8687397324053031,False
UV_VISOR,UV_VISOR_YELLOW,UV_VISOR_RED,16637.625859370823,-0.5134244216322612,-0.4425694693353033,0.007381808337013086,6.674478451410929e-13,611.3904206440914,0.9997938290925391,3361.656274633651,-2.504072862804598,30000,16037.536343227137,-0.4868581164066768,-0.20097635171921374,0.011856045456832132,4.190951585769653e-13,666.6952643128088,0.99983673387673,4245.158649032234,-1.3472680365765553,10000,10224.262364112332,0.11149805124054235,0.12286725571069199,0.01967504812089214,1.862645149230957e-13,252.7504040300264,0.9989532508071087,661.8436835839768,-1.7274769929708682,10000,32530.10886245969,-1.8541489160316025,-0.6985789786615821,-0.008502134652223825,2.561137080192566e-13,532.5796233867808,0.998966843823642,670.5559818349531,-2.070252776579025,10000,0,4245.158649032234,1859.1861048170547,1.106993663950004,-0.6985789786615821,False
PEBBLES,PEBBLES_M,PEBBLES_XL,8468.663169297564,0.1356899848518863,0.35047026802999137,-0.5115392384969328,-2.2506962219874064e-13,644.1809004659085,0.9996269631692923,1857.7733638044551,-2.3726272181612216,30000,11270.916998778053,-0.13190488993801913,-0.5706247514278896,-0.5042247771247601,6.388290785253048e-13,272.15115520045987,0.9987596896345117,558.5031392976459,-2.2159861945183876,10000,16607.332080992725,-0.47814539175974524,-0.39764878293399664,-0.5144265508331622,1.1175870895385741e-12,690.2339602320357,0.9997763712735981,3099.197875923738,-1.6009676121480774,10000,10698.521391979075,0.011815225519238486,0.05435896643085176,-0.5158406968957239,8.498318493366242e-13,313.41046937480013,0.9987999418429648,577.2480148559509,-2.4664607647854804,10000,0,3099.197875923738,1411.649676692445,1.0312457454779145,-0.5706247514278896,False
PEBBLES,PEBBLES_M,PEBBLES_L,6491.912828589102,0.37067911969840556,0.33538756733038533,0.010830890680833795,-7.761021455128987e-14,647.9682222507856,0.9996925191985301,2253.931325336752,-1.9688513867951347,30000,6820.996381080909,0.29671562915758765,0.4527165083607474,0.007328873709547208,4.0745362639427185e-14,295.49631583413463,0.9985818956424707,488.4376690052864,-2.0158520783939697,10000,5295.771077604393,0.4778457868392017,0.277557515146002,0.004627951310615359,-6.984919309616088e-14,722.710344731124,0.9997325733598309,2591.5686372133896,-1.5709922439400297,10000,12181.70076940686,-0.12525355729249998,-0.2924190186767943,0.020444829442852818,9.458744898438454e-13,300.15518038374034,0.9986974903659072,531.8161562334693,-2.504906118506182,10000,0,2591.5686372133896,1203.9408208173818,1.1674283674558266,-0.2924190186767943,False
PEBBLES,PEBBLES_XS,PEBBLES_XL,16335.132207828752,-0.6752434411302966,-0.8275696574563158,-0.4972889378952967,1.831601063410441e-12,813.7084572986951,0.9997439164112397,2706.375790490353,-1.9346403701051236,30000,13561.929505241582,-0.37858113828140266,-0.8752367843295423,-0.4947723070516987,9.138602763414382e-13,299.95072631923034,0.998946287240485,657.467531945548,-2.2191573058692127,10000,6739.75218768783,0.016985316006421124,0.015263554116533308,-0.49449418408378465,4.656612873077393e-14,696.1125269708164,0.9997584754692468,2869.5365601369563,-1.6550916418260846,10000,10181.758174967175,-0.28132843459718565,-0.8294849698889404,-0.5026778207066421,2.561137080192566e-13,273.5496334038447,0.9988784166812094,617.6611091600029,-2.1753253116878057,10000,0,2869.5365601369563,1381.5550670808354,0.7853149200987273,-0.8752367843295423,False
TRANSLATOR,TRANSLATOR_SPACE_GRAY,TRANSLATOR_VOID_BLUE,14220.364125181484,-0.44098422959886446,-0.5081334986425299,0.0030478372793724374,3.4148494402567546e-13,432.9628846682953,0.9997015262312439,2321.9585934666666,-1.8369066561225267,30000,12102.182894651474,-0.23506706252886045,-0.31596281863704945,-0.0018612903155965565,-1.5279510989785194e-12,288.52160986554645,0.9994056223065367,1165.8263292126142,-1.8314669634934364,10000,13033.238901200642,-0.30686011674685365,-0.21648202840230082,0.012890523402793244,1.3387762010097503e-13,347.05917760985585,0.9995674368019153,1602.07169226948,-1.3065289756132856,10000,18085.653399841613,-0.8105500569083217,-0.5390655031622565,-0.0021100296466853826,2.491287887096405e-12,398.2355134605314,0.9994841884088658,1343.4525521011046,-2.008233388074197,10000,0,1602.07169226948,1370.4501911943996,0.5679501281779723,-0.5390655031622565,False
PEBBLES,PEBBLES_L,PEBBLES_XL,11087.851305679043,-0.06908884742052511,-0.19722524209636524,-0.5000250243991735,1.862645149230957e-13,610.0977675288336,0.9997331014045645,2596.696604226794,-1.8102679855008392,30000,12768.770617258051,-0.25160339211338545,-0.713378954958208,-0.5030032989927217,1.210719347000122e-12,354.3415828076613,0.9993278767701784,1030.9332925156662,-1.2504556829490756,10000,16392.350727083074,-0.45987615302541324,-0.6584386915060959,-0.49516333915553135,-1.8801074475049974e-12,328.86804482559387,0.9990109867881565,700.5006099776365,-2.1878999989356314,10000,16744.09121227322,-0.42864398211715765,-0.8447152983481647,-0.5018539562662355,-3.3760443329811094e-13,392.19373741702384,0.9993585127276275,1080.184851794503,-1.5937802527839844,10000,0,1080.184851794503,937.2062514292685,0.2413157099401505,-0.8447152983481647,False
UV_VISOR,UV_VISOR_YELLOW,UV_VISOR_ORANGE,11183.797126725096,-0.02170778705941778,-0.017530421388277803,0.004921983938158831,-2.483526865641276e-13,681.6919144313498,0.9998695814289893,5314.442372536972,-1.4395672521751084,30000,24350.722065259015,-1.372933267157282,-0.4451546518068294,-0.005006023614130408,1.234002411365509e-12,609.429486220347,0.999592941247858,1702.4719196605768,-0.9757035967078488,10000,15544.606468674876,-0.39111765061643433,-0.47118451630818164,0.009856762567578226,-3.259629011154175e-13,224.63666450528078,0.9985042038899063,463.05017316430366,-2.243305057018652,10000,9144.869913571412,0.14113622392228634,0.10055821836751049,0.008583769031671738,5.587935447692871e-13,740.5390161028233,0.9998939095535684,6533.2028950376,-1.9657103372092208,10000,0,6533.2028950376,2899.5749959541604,1.1592717052610324,-0.47118451630818164,False
UV_VISOR,UV_VISOR_ORANGE,UV_VISOR_MAGENTA,4599.166453991828,0.5244283991897327,0.5843864740255375,0.006418078645253866,5.393909911314646e-13,446.79374893516757,0.9996414232262718,1932.704376489147,-1.4111919425156896,30000,10909.89469726404,-0.09933675399425591,-0.1932930603007438,0.012031608812521116,3.9581209421157835e-13,216.50766058041242,0.998923615405043,643.6120234091878,-2.0263603729527833,10000,12752.587942472212,-0.1917838154771158,-0.16256896891398812,0.007194288692960566,-6.402842700481414e-13,302.7348865271642,0.9993606479533084,1083.793471831623,-1.9524027528245942,10000,9821.069628339366,0.08700228704932274,0.04945121499076644,0.0005674289774416782,-3.259629011154175e-13,529.6662665790499,0.999790099337275,3301.9163588664383,0.6375721206397955,10000,0,3301.9163588664383,1676.4406180357498,1.7040939324469526,-0.1932930603007438,False
PEBBLES,PEBBLES_XS,PEBBLES_L,13768.699562496055,-0.6255150996937894,-0.268551407088353,0.0050066244827078185,-3.104408582051595e-13,1396.274976969294,0.9999188718853476,8543.512520747792,-1.346424235236414,30000,3942.187630306027,0.532020589455833,0.4338016782717798,0.004188463236152577,4.656612873077393e-13,558.7369751604313,0.9995302022231903,1475.0694501195653,-0.9756794607450131,10000,11032.806839902805,-0.39841348588820774,-0.25005849705542155,0.01191599084492377,8.032657206058502e-13,674.0760670778152,0.9997089298352337,2381.0282960124796,-1.7030558310851753,10000,2866.9589827565487,0.30494585302404337,0.45625117346644545,-0.0013149607721079828,9.313225746154786e-14,435.82053715614774,0.9993572714349834,1078.0980364961124,-1.9788671376652966,10000,0,2381.0282960124796,1644.7319275427192,2.709523845375136,-0.25005849705542155,False
TRANSLATOR,TRANSLATOR_SPACE_GRAY,TRANSLATOR_ASTRO_BLACK,7430.894178616759,0.21320841518795025,0.2077116455778186,0.00839556405252936,-6.51925802230835e-13,491.7342012048374,0.9998086358337944,3621.7901732646583,-1.302091637942955,30000,9677.416446342077,0.0029998539964560793,0.001888923651997555,0.014316266079248532,-8.934875950217247e-13,304.09964150243377,0.9994954079434883,1373.3317412073532,-1.6554688828667594,10000,14031.95708748537,-0.4896725920463876,-0.5418055863348747,0.019000115545561896,-6.28642737865448e-13,298.78989518710694,0.9993667095137017,1094.170354080908,-1.5576177979146135,10000,292.5867957715236,0.9447498737368014,0.4753038409408862,-0.009281597261437248,-3.9581209421157835e-13,415.99346424855275,0.9995418809097292,1512.6817702507406,-2.7202605199509127,10000,0,1512.6817702507406,1326.7279551796673,3.8973118763697414,-0.5418055863348747,False
UV_VISOR,UV_VISOR_YELLOW,UV_VISOR_MAGENTA,7443.68870480984,0.3162200804867557,0.2845641600792451,0.00960624097866698,-3.104408582051595e-13,653.609163776051,0.9998444117235457,4454.662473090326,-1.2703773443404398,30000,-2166.196054734017,1.2459572385715827,0.786087558476551,0.009436467478938065,1.7927959561347962e-12,420.6779227182083,0.9991955573011797,861.3022973383906,-1.9824314427801146,10000,11266.101783281894,0.012566628614945034,0.012832996393561674,0.02213928556033034,-5.122274160385132e-13,254.65911401304794,0.9989757108083505,676.363798419295,-1.6300891888127507,10000,7016.695637417949,0.31580850371748365,0.12789371233040545,-0.0042915979026519275,7.217749953269958e-13,738.1994236768752,0.9998827592483255,5911.822786174943,-1.7043994114065721,10000,0,5911.822786174943,2483.1629606442093,0.9999722182271052,0.012832996393561674,False
UV_VISOR,UV_VISOR_ORANGE,UV_VISOR_RED,6114.704189650154,0.3897394563868548,0.416008783672698,0.01997010808012881,1.7850349346796672e-13,500.6887345050635,0.9997484710336131,2755.3884292674556,-1.016497323251552,30000,10485.490243456874,-0.05646819308762968,-0.07189272531929417,0.004885129497897948,2.7794158086180685e-13,220.098236846019,0.9989678770707449,671.2276152474221,-2.1064663861081048,10000,6950.6459269080515,0.3410692222148783,0.311980763916911,0.02907666582585291,-3.608874976634979e-13,291.5027169481555,0.9992791257642357,961.1902883805451,-1.9722228796671195,10000,11134.114450391586,-0.025935099353006405,-0.013714492488477826,0.024839252419527738,2.561137080192566e-13,530.2652106332488,0.9997918647899232,3329.9269433302106,0.6412942677255058,10000,0,3329.9269433302106,1654.1149489860593,2.0949974182758067,-0.07189272531929417,False
